,Bassin,Cycle,Lots
0,B36,23,1
1,B36,23,2
2,B17,28,1
3,B17,28,2
4,B58,9,1
5,B44,12,2
6,AD2,15,1
7,AD2,15,2
8,B20,17,1
9,B20,17,2
10,B20,17,3
11,A03,13,2
12,B42,13,2
13,B24,3,4
14,B01,26,1
15,B27,7,1
16,B28,7,1
17,B28,7,2
18,B46,6,1
19,B23,8,2
20,B55,8,1
21,B25,10,1
22,B34,8,2
23,B47,6,1
24,AD3,7,1
25,B27,7,2
26,AD3,7,2
27,B38,7,1
28,B11,17,1
29,B27,7,3
30,B33,8,1
31,B20,10,1
32,B43,6,1
33,B05,16,4
34,B19,10,2
35,B56,10,1
36,B35,13,1
37,B21,8,1
38,B21,8,2
39,B47,6,2
40,B20,10,2
41,B36,16,1
42,B22,9,1
43,B17,21,1
44,A01,9,1
45,B17,21,2
46,B28,7,3
47,L01,1,1
48,B22,9,2
49,B21,8,3
50,B32,9,1
51,B12,15,1
52,B36,16,2
53,B24,10,1
54,B53,5,1
55,B30,10,1
56,B53,5,2
57,B31,14,2
58,B46,6,3
59,B52,8,1
60,B52,8,2
61,B39,7,1
62,B39,7,2
63,B03,29,1
64,B49,10,1
65,B49,10,2
66,B40,7,1
67,B08,21,1
68,AD1,9,1
69,B12,15,2
70,B24,10,2
71,B40,7,2
72,B41,9,1
73,B39,7,3
74,B29,13,1
75,B54,8,1
76,B54,8,2
77,B41,9,2
78,B40,7,3
79,B16,22,1
80,B16,22,2
81,B29,13,2
82,A03,5,1
83,A03,5,2
84,B29,13,3
85,B23,8,3
86,B42,8,1
87,B58,7,1
88,B03,29,2
89,B42,8,2
90,B58,7,2
91,B08,21,2
92,B51,13,1
93,B12,15,3
94,B10,15,1
95,B10,15,2
96,B59,11,1
97,B59,11,2
98,B04,16,1
99,B15,27,1
100,B02,29,1
101,B44,7,1
102,B51,13,2
103,B04,16,2
104,A02,8,1
105,B06,14,1
106,B06,14,2
107,B07,13,1
108,B07,13,2
109,A02,8,2
110,B05,17,1
111,B51,13,3
112,B45,7,1
113,B29,13,4
114,B45,7,2
115,B05,17,2
116,AD2,12,1
117,A01,10,1
118,B32,10,1
119,B17,21,3
120,B32,10,2
121,B25,11,1
122,B16,23,1
123,B25,11,2
124,B25,11,3
125,B23,8,4
126,B23,8,5
127,B16,23,2
128,B46,6,4
129,B23,8,6
130,B34,9,1
131,A03,6,1
132,B43,7,1
133,B01,28,1
134,B01,28,2
135,B14,13,1
136,B56,11,1
137,B43,7,2
138,B14,13,2
139,B31,15,1
140,B31,15,2
141,B13,14,1
142,B55,9,1
143,B13,14,2
144,B35,14,1
145,B15,28,1
146,B17,22,1
147,B17,22,2
148,B51,14,1
149,B03,30,1
150,B51,14,2
151,B43,7,3
152,B19,11,1
153,B51,14,3
154,B15,28,2
155,A01,11,1
156,B11,18,1
157,B20,11,1
158,B08,22,1
159,AD1,10,1
160,B24,11,1
161,B27,8,1
162,AD3,8,1
163,B21,9,1
164,B22,10,1
165,B02,30,1
166,B02,30,2
167,B36,17,1
168,B26,18,1
169,B04,17,1
170,B04,17,2
171,B03,30,2
172,B05,17,3
173,B07,13,3
174,B25,11,4
175,B06,15,1
176,A02,8,3
177,B10,16,1
178,B23,9,1
179,A03,7,1
180,B12,17,1
181,B16,23,3
182,AD2,13,1
183,B17,23,1
184,B28,8,1
185,B03,31,1
186,B03,31,2
187,B35,15,1
188,B39,8,1
189,B15,29,1
190,B14,14,1
191,B13,15,1
192,B24,12,1
193,B31,16,1
194,B42,9,1
195,B01,29,1
196,B41,10,1
197,B40,8,1
198,A01,12,1
199,B38,8,1
200,B51,15,1
201,J13,1,1
202,B24,12,2
203,B17,23,2
204,B03,32,1
205,B02,31,1
206,B10,16,2
207,B25,12,1
208,B29,14,1
209,B14,14,2
210,B30,11,1
211,B04,18,1
212,B37,8,1
213,B44,8,1
214,B05,18,1
215,B54,9,1
216,B46,7,1
217,B08,23,1
218,B20,12,1
219,B19,12,1
220,A02,9,1
221,B06,16,1
222,B29,14,2
223,B07,14,1
224,AD1,11,1
225,B34,10,1
226,B26,19,1
227,B34,10,2
228,A02,9,2
229,B06,16,2
230,B12,18,1
231,B21,10,1
232,AD1,11,2
233,B28,9,1
234,B28,9,2
235,B13,16,1
236,B13,16,2
237,B14,15,1
238,B14,15,2
239,B10,17,1
240,B10,17,2
241,B11,19,1
242,B11,19,2
243,A03,8,1
244,A03,8,2
245,B20,13,1
246,B20,13,2
247,B27,9,1
248,B27,9,2
249,B17,24,1
250,B04,18,2
251,B05,18,2
252,B08,23,2
253,B07,14,2
254,B32,11,1
255,B32,11,2
256,B29,14,3
257,B30,11,2
258,B39,9,1
259,B39,9,2
260,B33,9,1
261,B33,9,2
262,B38,9,1
263,B38,9,2
264,B19,13,1
265,B05,18,3
266,B05,18,4
267,B04,18,3
268,B06,16,3
269,B07,14,3
270,B07,14,4
271,B19,13,2
272,B12,18,2
273,B21,10,2
274,B38,9,3
275,B38,9,4
276,B33,9,3
277,B03,33,1
278,B03,33,2
279,B05,18,0
280,B29,14,0
281,B29,14,4
282,B30,11,0
283,B30,11,3
284,B08,23,0
285,B08,23,3
286,B03,33,3
287,B02,32,1
288,B01,30,1
289,B35,16,1
290,B35,16,2
291,B16,24,1
292,B15,32,1
293,A02,10,1
294,B15,32,2
295,A02,10,2
296,A01,15,1
297,B16,24,2
298,B37,9,1
299,B23,10,1
300,B17,25,1
301,B17,25,2
302,B36,18,1
303,B17,25,3
304,B22,11,1
305,B34,11,1
306,B16,24,3
307,B35,16,3
308,B42,10,1
309,B07,14,5
310,A03,8,3
311,B40,9,1
312,B05,18,5
313,B21,11,1
314,B41,11,2
315,B12,19,1
316,B23,10,2
317,B22,11,2
318,B34,11,2
319,B17,25,4
320,B31,18,1
321,B37,9,2
322,B03,34,1
323,A02,10,3
324,B14,16,1
325,B10,18,1
326,B44,9,1
327,B30,12,1
328,B30,12,2
329,B14,16,2
330,B11,19,3
331,B28,10,1
332,B13,17,1
333,B28,10,2
334,B10,18,2
335,B12,19,2
336,B10,18,3
337,B11,19,4
338,B16,25,1
339,B16,25,2
340,B06,17,1
341,B29,15,1
342,B21,11,2
343,B36,19,1
344,B40,9,2
345,A03,8,4
346,B44,9,2
347,B15,33,1
348,B19,14,1
349,B41,11,3
350,B20,14,1
351,B27,10,1
352,B28,10,3
353,B31,18,2
354,B32,12,1
355,B05,19,1
356,B38,10,1
357,B37,10,1
358,B44,9,3
359,B33,10,1
360,B33,10,2
361,B08,24,1
362,B08,24,2
363,B24,13,1
364,B30,13,1
365,B35,17,1
366,B24,13,2
367,B14,17,1
368,B14,17,2
369,B22,11,3
370,B24,13,3
371,AD1,12,1
372,AD1,12,2
373,B28,10,4
374,B07,15,1
375,B07,15,2
376,B07,15,3
377,B39,10,1
378,B40,10,1
379,B23,11,1
380,A03,9,1
381,B34,12,1
382,A02,11,1
383,B13,17,2
384,B31,18,3
385,B42,10,2
386,B41,11,4
387,B06,17,2
388,B29,15,2
389,B19,14,2
390,B36,19,2
391,B22,12,1
392,B32,12,2
393,B17,26,1
394,B04,19,1
395,B33,11,1
396,A01,16,1
397,B20,14,2
398,B11,20,1
399,B33,11,2
400,B11,20,2
401,B26,20,1
402,B05,19,2
403,B28,11,1
404,B28,11,2
405,B26,20,2
406,B08,25,1
407,B08,25,2
408,B12,20,1
409,B21,12,1
410,B12,20,2
411,B21,12,2
412,B07,16,1
413,B07,16,2
414,B35,18,1
415,B35,18,2
416,B45,8,1
417,B45,8,2
418,B10,19,1
419,B43,8,1
420,B13,18,1
421,B13,18,2
422,B42,11,1
423,B42,11,2
424,B14,18,1
425,B10,19,2
426,B42,11,3
427,B46,8,1
428,B38,11,1
429,B44,9,4
430,B15,34,1
431,B15,34,2
432,AD1,13,1
433,AD1,13,2
434,B37,10,2
435,B04,20,1
436,B30,14,1
437,B04,20,2
438,B30,14,2
439,B34,12,2
440,B24,14,1
441,B24,14,2
442,B05,20,1
443,B05,20,2
444,B01,31,1
445,B02,33,1
446,B03,35,1
447,B29,15,3
448,B28,12,1
449,B28,12,2
450,B17,26,2
451,B53,6,1
452,B53,6,2
453,B46,8,2
454,B27,11,1
455,A02,11,2
456,B05,20,3
457,B34,13,1
458,B34,13,2
459,B20,15,1
460,B20,15,2
461,B35,19,1
462,B31,19,1
463,B31,19,2
464,B53,6,3
465,B35,19,2
466,B15,35,1
467,B15,35,2
468,B20,15,3
469,A03,11,1
470,A01,17,1
471,B07,16,3
472,A01,17,2
473,A03,11,2
474,B33,12,1
475,B33,12,2
476,B08,26,1
477,B03,36,1
478,B39,11,1
479,B39,11,2
480,B02,34,1
481,B08,26,2
482,B54,10,1
483,B11,21,1
484,B10,19,3
485,B11,21,2
486,B39,11,3
487,B11,21,3
488,A03,11,3
489,B01,32,1
490,B06,18,1
491,B06,18,2
492,A03,11,4
493,B16,26,1
494,B16,26,2
495,A02,12,1
496,A02,12,2
497,B44,10,1
498,B44,10,2
499,B08,26,3
500,B32,13,1
501,B19,15,1
502,B19,15,2
503,B25,13,1
504,B25,13,2
505,B14,19,1
506,B26,21,1
507,B44,10,3
508,B12,21,1
509,B01,33,1
510,B01,33,2
511,B26,21,2
512,B13,19,1
513,B13,19,2
514,B26,21,3
515,B12,21,2
516,B14,19,2
517,B02,35,1
518,B02,35,2
519,B43,9,1
520,B07,17,1
521,B36,20,1
522,B41,12,1
523,B41,12,2
524,B41,12,3
525,B41,12,4
526,B07,17,2
527,B34,13,3
528,B17,27,1
529,B21,13,1
530,B10,20,1
531,B10,20,2
532,B35,20,1
533,B40,11,1
534,B40,11,2
535,B38,11,2
536,B03,37,1
537,B03,37,2
538,B22,13,1
539,B33,13,1
540,B33,13,2
541,B23,12,1
542,B29,16,1
543,B29,16,2
544,B23,12,2
545,B37,11,1
546,B37,11,2
547,B16,26,3
548,A01,18,1
549,B30,14,3
550,B29,16,3
551,B25,14,1
552,B25,14,2
553,B38,12,1
554,B04,21,1
555,B04,21,2
556,B42,12,1
557,B31,20,1
558,B31,20,2
559,B28,13,1
560,B28,13,2
561,B45,9,2
562,B21,13,2
563,B22,13,2
564,A01,18,2
565,B24,15,1
566,AD1,14,1
567,B05,21,1
568,B27,12,1
569,B57,4,1
570,B34,14,1
571,B52,9,1
572,B51,16,1
573,B47,7,1
574,B01,34,1
575,B26,21,4
576,AD1,14,2
577,B25,14,3
578,B52,9,2
579,B51,16,2
580,A03,12,1
581,B02,36,1
582,B56,12,1
583,B06,19,1
584,B20,16,1
585,B07,18,1
586,B53,6,4
587,B35,20,2
588,B13,20,1
589,B11,22,1
590,B40,12,1
591,B32,13,2
592,A02,12,3
593,B21,13,3
594,B35,21,1
595,B58,8,1
596,B14,19,3
597,B10,20,3
598,B03,37,3
599,B41,13,1
600,B36,21,1
601,B02,37,1
602,B33,14,1
603,B33,14,2
604,AD1,14,3
605,B25,14,4
606,B12,21,3
607,B53,6,5
608,B16,27,1
609,B19,15,3
610,B45,9,1
611,B17,27,2
612,B45,9,3
613,B08,27,1
614,B16,27,2
615,B22,13,3
616,B46,9,1
617,AD3,9,1
618,B58,8,2
619,B30,15,1
620,B58,8,3
621,B54,11,1
622,B39,11,4
623,B08,27,2
624,B31,21,1
625,B26,22,1
626,B54,11,2
627,B01,35,1
628,B02,38,1
629,B26,22,2
630,B29,17,1
631,B07,19,1
632,B39,11,5
633,B29,17,2
634,B53,7,1
635,B53,7,2
636,B34,15,1
637,B44,11,1
638,AD2,14,1
639,B39,11,6
640,B30,15,2
641,B35,22,1
642,B35,22,2
643,B29,17,3
644,B07,19,2
645,B25,15,1
646,B43,10,1
647,B42,12,2
648,B04,22,1
649,B37,12,1
650,B22,14,1
651,B22,14,2
652,B37,12,2
653,B36,22,1
654,B36,22,2
655,B04,22,2
656,B16,28,1
657,B16,28,2
658,A01,19,1
659,B43,10,2
660,B56,13,1
661,B45,10,1
662,B05,21,2
663,B11,22,2
664,B51,16,3
665,B32,13,3
666,B30,16,1
667,B30,16,2
668,B30,16,3
669,B52,10,1
670,B52,10,2
671,B38,13,1
672,B03,39,1
673,B03,39,2
674,B34,16,1
675,B34,16,2
676,B38,13,2
677,B23,13,1
678,B24,16,1
679,B26,23,1
680,B15,36,1
681,B15,36,2
682,B02,39,1
683,B02,39,2
684,B27,13,1
685,B47,7,2
686,B42,13,1
687,B25,15,2
688,B55,10,1
689,B39,12,1
690,B39,12,2
691,B01,36,1
692,B57,5,1
693,B15,36,3
694,B56,13,2
695,B57,5,2
696,B29,18,1
697,B28,14,1
698,B28,14,2
699,B31,22,1
700,B31,22,2
701,AD1,15,1
702,B07,20,1
703,B07,20,2
704,B01,36,2
705,A01,20,1
706,A01,20,2
707,B05,22,1
708,B32,14,1
709,B35,22,3
710,A03,13,1
711,B33,15,1
712,B33,15,2
713,B05,22,2
714,B44,12,1
715,B34,17,1
716,AD3,10,1
717,B19,16,1
718,B19,16,2
719,B19,16,3
720,A02,13,1
721,B03,40,1
722,B01,37,1
723,B01,37,2
724,B06,20,1
725,B06,20,2
726,B51,17,1
727,B02,40,1
728,B02,40,2
729,B03,41,1
730,B03,41,2
731,B51,17,2
732,B35,23,1
733,B35,23,2
734,B15,37,1
735,B10,21,1
736,B13,21,1
737,B21,14,1
738,B21,14,2
739,B40,13,1
740,B25,16,1
741,B15,37,2
742,B07,21,1
743,A01,21,1
744,B30,16,4
745,B11,23,1
746,B12,22,1
747,B14,20,1
748,B25,16,2
749,B21,14,3
750,B43,11,1
751,B43,11,2
752,B08,28,1
753,B53,8,1
754,B53,8,2
755,B54,12,1
756,B31,23,1
757,B31,23,2
758,B46,10,1
759,B04,23,1
760,B54,12,2
761,B33,16,1
762,B33,16,2
763,B13,21,2
764,B22,15,1
765,B11,23,2
766,B12,22,2
767,B22,15,2
768,B03,42,1
769,B07,21,2
770,B08,28,2
771,B10,21,2
772,B40,13,2
773,B47,8,1
774,B47,8,2
775,B36,24,1
776,B37,13,1
777,B23,14,1
778,B37,13,2
779,B34,18,1
780,B34,18,2
781,B30,17,1
782,B37,13,3
783,B30,17,2
784,B28,15,1
785,B28,15,2
786,B06,21,1
787,B06,21,2
788,B04,23,2
789,B38,14,1
790,AD1,16,1
791,B41,14,1
792,B38,14,2
793,B56,14,1
794,B24,17,1
795,B41,14,2
796,B24,17,2
797,B26,24,1
798,A01,22,1
799,B03,43,1
800,B05,23,1
801,B36,24,2
802,B03,43,2
803,A03,14,1
804,B44,13,1
805,B17,29,1
806,B29,19,1
807,B57,6,1
808,A02,14,1
809,B19,17,1
810,B32,15,1
811,B52,11,1
812,B52,11,2
813,B45,11,1
814,AD3,11,1
815,B20,18,1
816,B27,14,1
817,AD3,11,2
818,B30,18,1
819,B42,14,1
820,B35,24,1
821,B17,29,2
822,B19,17,2
823,B31,24,1
824,B15,38,1
825,B15,38,2
826,B51,18,1
827,B51,18,2
828,B04,24,1
829,B04,24,2
830,B34,19,1
831,B42,14,2
832,B01,38,1
833,B02,41,1
834,B40,13,3
835,B55,11,1
836,B22,16,1
837,B22,16,2
838,B13,22,1
839,B13,22,2
840,B43,12,1
841,B43,12,2
842,B14,21,1
843,B37,14,1
844,B06,22,1
845,B06,22,2
846,B06,22,3
847,B53,9,1
848,B53,9,2
849,B37,14,2
850,B37,14,3
851,B28,15,3
852,B03,44,1
853,A01,23,1
854,B45,11,2
855,B05,23,2
856,B07,22,1
857,B36,25,1
858,L01,3,1
859,B07,22,2
860,B10,22,1
861,B36,25,2
862,B10,22,2
863,B01,39,1
864,B28,15,4
865,B21,15,1
866,B54,13,1
867,B26,25,1
868,B38,15,1
869,B11,24,1
870,B02,42,1
871,B11,24,2
872,B41,15,1
873,B12,23,1
874,B41,15,2
875,B25,17,1
876,B25,17,2
877,B54,13,2
878,B21,15,2
879,B38,15,2
880,B48,1,1
881,B46,11,1
882,B39,13,1
883,B39,13,2
884,L01,3,2
885,B13,22,3
886,B58,10,1
887,B58,10,2
888,B08,29,1
889,B08,29,2
890,B19,17,3
891,B25,17,3
892,B16,29,1
893,B16,29,2
894,B05,24,1
895,B05,24,2
896,B57,7,1
897,AD1,17,1
898,AD2,16,1
899,AD2,16,2
900,B24,18,1
901,B04,25,1
902,B24,18,2
903,B14,22,1
904,B31,25,1
905,B46,11,2
906,B20,19,1
907,B34,20,1
908,B35,25,1
909,B37,14,4
910,B06,23,1
911,B28,16,1
912,B15,39,1
913,B15,39,2
914,B28,16,2
915,AD3,12,1
916,A03,15,1
917,B29,20,1
918,B34,20,2
919,B43,12,3
920,B33,17,1
921,B21,15,3
922,B40,14,1
923,A03,15,2
924,B20,19,2
925,A01,24,1
926,B03,45,1
927,B33,17,2
928,B29,20,2
929,B42,15,1
930,B40,14,2
931,B26,26,1
932,B44,14,1
933,B22,17,1
934,B44,14,2
935,B07,22,3
936,B01,40,1
937,B02,43,1
938,B55,12,1
939,B51,19,1
940,B32,16,1
941,B32,16,2
942,B56,15,1
943,B51,19,2
944,B54,13,3
945,B14,22,2
946,B16,29,3
947,B36,25,3
948,B45,12,1
949,B41,15,3
950,B12,23,2
951,B28,16,3
952,B36,26,1
953,B58,10,3
954,B46,12,1
955,A02,15,1
956,B38,16,1
957,B57,7,2
958,B46,12,2
959,B19,18,1
960,B25,18,1
961,B25,18,2
962,B15,39,3
963,B23,15,1
964,B53,10,1
965,B08,29,3
966,B21,16,1
967,B21,16,2
968,B17,30,1
969,B39,13,3
970,B39,13,4
971,AD3,12,2
972,B52,12,1
973,B02,44,1
974,B15,40,1
975,B54,14,1
976,B54,14,2
977,B52,12,2
978,B02,44,2
979,B55,13,1
980,B15,40,2
981,B16,30,1
982,B07,23,1
983,B27,15,1
984,AD2,17,1
985,B11,25,1
986,B13,23,1
987,B42,15,2
988,B41,16,1
989,AD1,17,2
990,B22,17,2
991,B16,30,2
992,A01,25,1
993,B03,46,1
994,B35,26,1
995,B10,23,1
996,B10,23,2
997,B37,15,1
998,B48,2,1
999,B49,2,1
1000,B19,18,2
1001,B37,15,2
1002,B39,14,1
1003,B12,24,1
1004,B01,41,1
1005,B12,24,2
1006,B34,21,1
1007,B14,23,1
1008,A02,16,1
1009,B44,15,1
1010,B14,23,2
1011,B39,14,2
1012,B39,14,3
1013,A02,16,2
1014,AD1,18,1
1015,B08,30,1
1016,B51,20,1
1017,B34,21,2
1018,B36,27,1
1019,Lag,1,1
1020,B41,16,2
1021,B36,27,2
1022,A03,16,1
1023,B20,20,1
1024,B46,13,1
1025,A03,16,2
1026,B06,24,1
1027,B06,24,2
1028,B27,15,2
1029,B35,26,2
1030,B17,30,2
1031,B51,20,2
1032,B05,25,1
1033,B58,11,1
1034,B31,26,1
1035,B21,17,1
1036,B26,27,1
1037,B20,20,2
1038,AD3,13,1
1039,B05,25,2
1040,B33,18,1
1041,B02,45,1
1042,B29,21,1
1043,B33,18,2
1044,B19,19,1
1045,B40,15,1
1046,B42,16,1
1047,B58,11,2
1048,B57,8,1
1049,B28,17,1
1050,B38,17,1
1051,B19,19,2
1052,AD3,13,2
1053,B28,17,2
1054,B04,26,1
1055,B04,26,2
1056,B53,11,1
1057,B30,19,1
1058,B32,17,1
1059,B32,17,2
1060,B32,17,3
1061,B25,19,1
1062,B25,19,3
1063,B25,19,2
1064,B03,47,1
1065,A02,16,3
1066,B14,24,1
1067,B26,27,2
1068,B14,24,2
1069,A01,26,1
1070,B01,42,1
1071,B16,31,1
1072,B39,15,1
1073,B21,17,2
1074,B07,24,1
1075,A03,17,1
1076,B30,19,2
1077,B38,17,2
1078,B15,41,1
1079,B35,27,1
1080,B45,13,1
1081,B42,16,2
1082,B37,16,1
1083,B05,26,1
1084,B05,26,2
1085,B17,31,1
1086,B17,31,2
1087,B27,16,1
1088,B10,24,1
1089,B41,17,1
1090,B51,21,1
1091,B51,21,2
1092,B10,24,2
1093,B15,41,2
1094,B11,26,1
1095,B46,14,1
1096,B46,14,2
1097,AD2,18,1
1098,B44,16,1
1099,B13,24,1
1100,B45,13,2
1101,B03,48,1
1102,B34,22,1
1103,AD2,18,2
1104,A02,17,1
1105,A02,17,2
1106,B06,25,1
1107,B04,27,1
1108,B25,20,1
1109,B25,20,2
1110,B32,18,1
1111,B32,18,2
1112,B44,16,2
1113,B34,22,2
1114,A01,27,1
1115,B01,43,1
1116,B13,24,2
1117,B12,25,1
1118,B41,17,2
1119,B14,25,1
1120,B29,22,1
1121,Lag,2,1
1122,B31,27,1
1123,B33,19,1
1124,B29,22,2
1125,B16,32,1
1126,B40,16,1
1127,B55,14,1
1128,AD1,19,1
1129,B42,17,1
1130,B42,17,2
1131,B57,9,1
1132,B53,12,1
1133,B08,31,1
1134,B08,31,2
1135,B30,20,1
1136,B43,13,1
1137,B38,18,1
1138,B34,23,1
1139,B34,23,2
1140,B03,49,1
1141,B03,49,2
1142,B58,12,1
1143,B36,28,1
1144,B24,19,1
1145,B24,19,2
1146,B54,15,1
1147,B55,14,2
1148,B44,16,3
1149,B54,15,2
1150,B35,28,1
1151,B57,10,1
1152,B19,20,1
1153,B45,14,1
1154,B21,18,1
1155,B39,16,1
1156,A03,18,1
1157,B23,16,1
1158,B20,21,1
1159,B28,18,1
1160,B52,13,1
1161,B52,13,2
1162,B46,15,1
1163,B06,26,1
1164,B22,18,1
1165,B20,21,2
1166,B25,21,1
1167,B05,27,1
1168,B05,27,2
1169,B04,28,1
1170,B28,18,2
1171,B26,28,1
1172,B51,22,1
1173,B51,22,2
1174,B27,17,1
1175,B27,17,2
1176,MF,1,1
1177,B17,32,1
1178,B17,32,2
1179,B15,42,1
1180,B37,17,1
1181,B15,42,2
1182,B26,28,2
1183,B36,28,2
1184,B36,28,3
1185,B35,29,1
1186,B35,29,2
1187,B19,21,1
1188,B19,21,2
1189,B45,15,1
1190,B24,20,1
1191,B24,20,2
1192,B34,24,1
1193,LAG,3,1
1194,B03,50,1
1195,A02,18,1
1196,B41,18,1
1197,B31,28,1
1198,B44,17,1
1199,B02,46,1
1200,B33,20,1
1201,B57,11,1
1202,B29,23,1
1203,B49,3,1
1204,B49,3,2
1205,B49,4,1
1206,B06,27,1
1207,B32,19,1
1208,B26,29,1
1209,B15,43,1
1210,B16,33,1
1211,B40,17,1
1212,B19,21,3
1213,B48,3,1
1214,AD1,20,1
1215,B30,21,1
1216,B07,25,1
1217,B07,25,2
1218,B49,4,2
1219,B48,3,2
1220,B42,18,1
1221,B08,32,1
1222,B40,17,2
1223,B09,1,1
1224,B57,11,2
1225,B54,16,1
1226,A02,19,1
1227,B01,44,1
1228,B10,25,1
1229,B11,27,1
1230,B37,18,1
1231,B03,51,1
1232,B04,29,1
1233,B43,14,1
1234,B43,14,2
1235,B21,19,1
1236,B51,23,1
1237,B51,23,2
1238,B32,20,1
1239,B32,20,2
1240,B27,18,1
1241,B52,14,1
1242,B52,14,2
1243,A03,19,1
1244,B22,19,1
1245,B23,17,1
1246,B23,17,2
1247,B22,19,2
1248,B24,21,1
1249,B24,21,2
1250,B53,13,1
1251,B39,17,1
1252,B39,17,2
1253,B58,13,1
1254,B25,22,1
1255,B25,22,2
1256,B38,19,1
1257,B41,19,1
1258,B35,30,1
1259,B33,21,2
1260,B57,12,1
1261,B21,20,1
1262,MF,2,1
1263,B07,26,1
1264,B36,29,1
1265,B36,29,2
1266,B34,25,1
1267,B21,20,2
1268,B43,15,1
1269,B43,15,2
1270,B31,29,1
1271,B32,21,1
1272,B09,2,1
1273,B08,33,1
1274,B30,22,1
1275,B01,45,1
1276,B39,18,1
1277,B04,30,1
1278,B02,47,1
1279,B03,52,1
1280,AD1,21,1
1281,B44,18,2
1282,B39,18,2
1283,B02,47,2
1284,B03,52,2
1285,B01,45,2
1286,B35,31,1
1287,B26,30,1
1288,B42,19,1
1289,B57,12,2
1290,B05,28,1
1291,B29,24,1
1292,B51,24,1
1293,LAG,4,1
1294,B28,19,1
1295,B48,4,1
1296,B48,4,2
1297,B19,22,1
1298,A02,20,1
1299,B45,16,1
1300,B45,16,2
1301,B21,21,1
1302,B10,26,1
1303,B35,31,2
1304,B37,19,1
1305,B27,19,1
1306,B25,23,1
1307,B46,16,1
1308,A03,20,1
1309,B07,27,1
1310,B43,16,1
1311,B20,22,1
1312,B24,22,1
1313,B23,18,1
1314,B11,28,1
1315,B24,22,2
1316,B38,20,1
1317,B23,18,2
1318,B01,46,1
1319,B26,30,2
1320,B22,20,1
1321,B22,20,2
1322,B31,30,1
1323,B52,15,1
1324,B33,22,1
1325,MF,3,1
1326,B02,48,1
1327,B34,26,1
1328,B49,5,1
1329,B54,17,1
1330,B01,46,2
1331,B39,19,1
1332,B53,14,1
1333,B01,46,3
1334,B26,31,1
1335,B25,24,1
1336,B41,20,1
1337,B32,22,1
1338,B49,5,2
1339,B44,19,1
1340,B35,32,1
1341,B09,3,1
1342,B09,3,2
1343,B47,9,1
1344,B36,30,1
1345,B58,14,1
1346,B45,16,3
1347,B08,34,1
1348,B29,24,2
1349,B49,5,3
1350,B40,18,1
1351,B07,27,2
1352,B04,30,2
1353,B30,23,1
1354,B57,13,1
1355,B57,13,2
1356,B24,23,1
1357,B42,20,1
1358,B03,53,1
1359,B23,19,1
1360,AD1,22,1
1361,LAG,5,1
1362,B21,22,1
1363,B51,25,1
1364,B05,29,1
1365,B22,21,1
1366,B28,20,1
1367,B24,23,2
1368,B11,29,1
1369,B19,23,1
1370,B43,17,1
1371,B31,31,1
1372,B03,54,1
1373,B03,54,2
1374,B03,54,3
1375,B22,21,2
1376,A03,21,1
1377,A02,21,1
1378,B10,27,1
1379,B46,17,1
1380,B37,20,1
1381,B20,23,1
1382,B01,47,1
1383,B54,18,1
1384,B33,23,1
1385,B02,49,1
1386,B07,28,1
1387,B27,20,1
1388,B54,18,2
1389,B09,4,0
1390,B45,17,1
1391,B38,21,1
1392,MF,4,1
1393,B39,20,1
1394,B25,25,1
1395,B03,55,1
1396,B53,15,1
1397,B22,22,1
1398,B26,32,1
1399,B34,27,1
1400,B52,16,1
1401,B32,23,1
1402,B02,50,1
1403,B57,13,3
1404,B35,33,1
1405,B04,31,1
1406,B04,31,2
1407,B44,20,1
1408,B08,35,1
1409,B41,21,1
1410,B30,24,1
1411,B10,28,1
1412,B03,56,1
1413,B49,6,1
1414,B23,20,1
1415,AD1,23,1
1416,B29,25,1
1417,B42,21,1
1418,B33,23,2
1419,B23,21,1
1420,B21,23,1
1421,B40,19,1
1422,B58,15,1
1423,B09,5,1
1424,B47,10,1
1425,B24,24,1
1426,B51,26,1
1427,B11,30,1
1428,B05,30,1
1429,B01,48,1
1430,B19,24,1
1431,B01,48,2
1432,LAG,6,1
1433,B02,51,1
1434,B54,19,1
1435,B46,18,1
1436,B31,32,1
1437,A03,22,1
1438,B20,24,1
1439,B28,21,1
1440,B43,18,1
1441,J01,1,1
1442,B03,57,1
1443,B04,32,1
1444,A02,22,1
1445,A02,22,2
1446,B02,52,1
1447,B36,31,1
1448,B36,31,2
1449,B37,21,1
1450,NU,1,1
1451,B57,14,1
1452,B57,14,2
1453,B01,49,1
1454,B01,49,2
1455,B48,5,1
1456,B48,5,2
1457,NU,2,1
1458,B07,29,1
1459,B26,33,1
1460,B34,28,1
1461,B39,21,1
1462,B27,21,1
1463,B03,58,1
1464,B36,32,1
1465,B35,34,1
1466,NU,3,1
1467,B45,18,1
1468,B02,53,1
1469,MF,5,1
1470,B44,21,1
1471,B25,26,1
1472,B38,22,1
1473,A02,23,1
1474,B22,23,1
1475,B53,16,1
1476,NU,4,1
1477,B08,36,1
1478,AD1,24,1
1479,B52,17,1
1480,AD1,24,2
1481,B30,25,1
1482,B10,29,1
1483,B41,22,1
1484,B11,32,1
1485,B49,6,2
1486,B29,26,1
1487,B23,22,1
1488,B28,22,1
1489,B46,19,1
1490,B52,17,2
1491,B31,33,1
1492,B47,11,1
1493,B02,54,1
1494,B24,25,1
1495,B05,31,1
1496,B05,31,2
1497,B40,20,1
1498,B01,50,1
1499,B42,22,1
1500,B05,31,3
1501,B58,16,1
1502,B58,16,2
1503,AD1,24,3
1504,B51,27,1
1505,NU,5,1
1506,B04,33,1
1507,B04,33,2
1508,LAG,7,1
1509,B21,24,1
1510,B09,6,1
1511,B39,21,2
1512,B03,59,1
1513,MF,5,2
1514,B43,19,1
1515,B37,22,1
1516,B20,25,1
1517,B19,25,1
1518,356,1,1
1519,B02,55,1
1520,NU,6,1
1521,B26,34,1
1522,B32,24,1
1523,B01,51,1
1524,B19,25,2
1525,SA,1,1
1526,B07,30,1
1527,A02,24,1
1528,A03,23,1
1529,B44,22,1
1530,A03,23,2
1531,B03,60,1
1532,B05,32,1
1533,B45,19,1
1534,B30,26,1
1535,B25,27,1
1536,B04,34,1
1537,B27,22,1
1538,B38,23,1
1539,B11,33,1
1540,334,1,1
1541,AD1,25,1
1542,B29,27,1
1543,B49,7,1
1544,B02,56,1
1545,B08,37,1
1546,MF,6,1
1547,A02,25,1
1548,B22,24,1
1549,B19,26,1
1550,B32,24,2
1551,B56,16,1
1552,B31,34,1
1553,AD1,25,2
1554,B10,30,1
1555,B54,20,1
1556,B04,35,1
1557,A03,24,1
1558,B28,23,1
1559,B24,26,1
1560,AD1,26,1
1561,A03,24,2
1562,B58,17,1
1563,B53,17,1
1564,B39,22,1
1565,B47,12,1
1566,B23,23,1
1567,B26,35,1
1568,B01,52,1
1569,B02,57,1
1570,B46,20,1
1571,B52,18,1
1572,B19,27,1
1573,B03,61,1
1574,B57,15,1
1575,B51,28,1
1576,A02,26,1
1577,B42,23,1
1578,B37,23,1
1579,B48,7,1
1580,B20,26,1
1581,A03,25,1
1582,B09,7,1
1583,B56,17,1
1584,B40,21,1
1585,B43,20,1
1586,LAG,8,1
1587,B31,35,1
1588,B31,35,2
1589,B21,25,1
1590,356,2,1
1591,B07,31,1
1592,B45,20,1
1593,334,2,1
1594,B44,23,1
1595,B25,28,1
1596,SA,2,1
1597,B05,33,1
1598,B38,24,1
1599,B08,38,1
1600,B27,23,1
1601,B54,21,1
1602,B49,8,1
1603,B11,34,1
1604,MF,7,1
1605,B29,28,1
1606,B30,27,1
1607,B39,23,1
1608,A02,27,1
1609,B48,7,2
1610,B32,25,1
1611,B22,25,1
1612,B46,21,1
1613,B02,58,1
1614,B57,16,1
1615,B57,16,2
1616,B28,24,1
1617,B26,36,1
1618,B01,53,1
1619,B26,36,2
1620,B10,31,1
1621,B04,36,1
1622,B01,53,2
1623,B46,21,2
1624,B54,21,2
1625,B03,62,1
1626,B03,62,2
1627,B53,18,1
1628,B53,18,2
1629,AD1,27,1
1630,B23,24,1
1631,B58,18,1
1632,B52,19,1
1633,B51,29,1
1634,B42,24,1
1635,334,3,1
1636,B09,8,1
1637,B56,18,1
1638,B31,36,1
1639,B19,28,1
1640,B47,12,2
1641,B25,29,1
1642,B24,27,1
1643,B59,1,1
1644,B59,1,2
1645,B41,23,1
1646,B40,22,1
1647,B38,25,1
1648,B38,25,2
1649,AD1,27,2
1650,B20,27,1
1651,B57,17,1
1652,A03,26,1
1653,B36,33,1
1654,B03,63,1
1655,B37,24,1
1656,B47,13,1
1657,B43,21,1
1658,LAG,9,1
1659,B43,21,2
1660,B21,26,1
1661,B01,54,1
1662,B48,8,1
1663,B49,9,1
1664,B47,13,2
1665,B07,32,1
1666,B02,59,1
1667,B57,18,1
1668,B05,34,1
1669,B26,37,1
1670,B32,26,1
1671,B32,26,2
1672,B45,21,1
1673,SA,3,1
1674,B23,25,1
1675,A02,28,1
1676,B38,26,1
1677,B38,26,2
1678,B44,24,1
1679,MF,8,1
1680,B54,22,1
1681,B26,38,1
1682,B41,23,2
1683,AD1,28,1
1684,B39,24,1
1685,B39,24,2
1686,B50,1,1
1687,B28,25,1
1688,B08,39,1
1689,B54,22,2
1690,LAG,10,1
1691,B46,22,1
1692,B46,22,2
1693,B31,37,1
1694,B10,32,1
1695,B10,32,2
1696,B31,37,2
1697,B37,25,1
1698,B56,19,1
1699,B30,28,1
1700,B22,26,1
1701,B27,24,1
1702,B08,39,2
1703,B29,29,1
1704,B25,30,1
1705,B09,9,1
1706,B09,9,2
1707,B19,29,1
1708,B03,64,1
1709,B58,19,1
1710,B32,27,1
1711,B32,27,2
1712,B04,37,1
1713,B04,37,2
1714,B43,22,1
1715,B43,22,2
1716,B38,27,1
1717,B38,27,2
1718,B57,19,1
1719,MF,9,1
1720,B02,60,1
1721,B53,19,1
1722,B01,55,1
1723,B26,39,1
1724,SA,4,1
1725,B25,31,1
1726,B08,40,1
1727,B11,35,1
1728,B37,26,1
1729,MF,9,2
1730,B41,24,1
1731,B42,25,1
1732,A03,27,1
1733,B24,28,1
1734,B03,65,1
1735,B34,29,1
1736,B36,34,1
1737,B39,25,1
1738,B44,25,1
1739,B40,23,1
1740,B19,30,1
1741,B21,27,1
1742,B31,38,1
1743,B05,35,1
1744,B25,32,1
1745,B20,28,1
1746,B05,35,2
1747,B53,19,2
1748,B25,32,2
1749,B52,20,1
1750,B23,26,1
1751,B25,32,3
1752,B56,20,1
1753,B56,20,2
1754,B08,40,2
1755,A02,29,1
1756,B07,33,1
1757,B58,19,2
1758,B48,9,1
1759,B04,38,1
1760,B45,22,1
1761,B22,27,1
1762,B54,23,1
1763,AD1,29,1
1764,B32,28,1
1765,B32,28,2
1766,B28,26,1
1767,B30,29,1
1768,B30,29,2
1769,B09,10,1
1770,B59,2,1
1771,B01,56,1
1772,B29,30,1
1773,B02,61,1
1774,B26,40,1
1775,B31,39,1
1776,LAG,11,1
1777,B10,33,1
1778,B51,30,1
1779,B31,39,2
1780,B11,36,1
1781,B49,11,1
1782,B03,66,1
1783,B50,2,1
1784,B01,57,1
1785,B08,41,1
1786,B05,36,1
1787,B05,36,2
1788,A03,28,1
1789,B27,25,1
1790,B27,25,2
1791,B47,14,1
1792,B24,29,1
1793,B38,28,1
1794,B46,23,1
1795,SA,5,1
1796,B31,40,1
1797,B31,40,2
1798,B27,25,3
1799,MF,10,1
1800,MF,10,2
1801,B19,31,1
1802,B43,23,1
1803,B34,30,1
1804,B36,35,1
1805,B57,20,1
1806,B07,34,1
1807,B26,41,1
1808,B56,21,1
1809,B25,33,1
1810,B53,20,1
1811,B25,33,2
1812,B32,28,3
1813,A02,30,1
1814,B37,27,1
1815,AD1,30,1
1816,B39,26,1
1817,B41,25,1
1818,B42,26,1
1819,B01,58,1
1820,B59,2,2
1821,B02,62,1
1822,B20,29,1
1823,B02,62,2
1824,B21,28,1
1825,B21,28,2
1826,B01,58,2
1827,B22,28,1
1828,B22,28,2
1829,B23,27,1
1830,B40,24,1
1831,B24,30,1
1832,FA,1,1
1833,B58,20,1
1834,B31,41,1
1835,B10,34,1
1836,B24,30,2
1837,B52,21,1
1838,B03,67,1
1839,B26,42,1
1840,B09,11,1
1841,B08,42,1
1842,B45,23,1
1843,B30,30,1
1844,B48,10,1
1845,M2,1,1
1846,B04,39,1
1847,MF,11,1
1848,MF,11,2
1849,M1,1,1
1850,B29,31,1
1851,B44,26,1
1852,B38,29,1
1853,B25,34,1
1854,B01,59,1
1855,B28,27,1
1856,B23,27,2
1857,B50,3,1
1858,B21,29,1
1859,A02,31,1
1860,LAG,12,1
1861,B51,31,1
1862,B11,37,1
1863,B32,29,1
1864,B32,29,2
1865,B27,26,1
1866,B27,26,2
1867,B05,37,1
1868,M1,2,1
1869,B47,15,1
1870,B25,35,1
1871,B03,68,1
1872,B38,30,1
1873,B57,21,1
1874,B26,43,1
1875,FA,2,1
1876,B31,42,1
1877,B46,24,1
1878,B56,22,1
1879,A03,29,1
1880,B22,29,1
1881,B42,27,1
1882,B19,32,1
1883,B34,31,1
1884,B19,32,2
1885,B02,63,1
1886,B02,63,2
1887,B54,24,1
1888,B59,3,1
1889,SA,6,1
1890,B36,36,1
1891,M2,2,1
1892,B05,37,2
1893,B20,30,1
1894,B23,28,1
1895,B24,31,1
1896,B03,69,1
1897,B43,24,1
1898,B07,35,1
1899,B39,27,1
1900,A02,32,1
1901,B47,16,1
1902,B37,28,1
1903,B50,4,1
1904,B41,26,1
1905,MF,12,1
1906,AD1,31,1
1907,B53,21,1
1908,B30,31,1
1909,B10,35,1
1910,B30,31,2
1911,B10,35,2
1912,B27,27,1
1913,B40,25,1
1914,B09,12,1
1915,B09,12,2
1916,B32,30,1
1917,B02,64,1
1918,M1,3,1
1919,B19,33,1
1920,B48,11,1
1921,B08,43,1
1922,B49,12,1
1923,FA,3,1
1924,AD1,32,1
1925,B01,60,1
1926,B05,38,1
1927,B58,21,1
1928,B32,30,2
1929,B36,37,1
1930,B56,23,1
1931,B03,70,1
1932,B29,32,1
1933,B52,22,1
1934,B36,37,2
1935,B29,32,2
1936,B11,38,1
1937,B45,24,1
1938,B28,28,1
1939,B57,22,1
1940,B26,44,1
1941,B30,32,1
1942,B26,44,2
1943,B04,40,1
1944,LAG,13,1
1945,B51,32,1
1946,B32,31,1
1947,B38,31,1
1948,M2,3,1
1949,B21,30,1
1950,M1,4,1
1951,B10,36,1
1952,B10,36,2
1953,B02,65,1
1954,B27,28,1
1955,B28,28,2
1956,B31,43,1
1957,B31,43,2
1958,B09,13,1
1959,B25,36,1
1960,A02,33,1
1961,M1,5,1
1962,B21,30,2
1963,B44,27,1
1964,B37,29,1
1965,B37,29,2
1966,B05,39,1
1967,B34,32,1
1968,B34,32,2
1969,A03,30,1
1970,B46,25,1
1971,B36,38,1
1972,B38,31,2
1973,B03,71,1
1974,M2,4,1
1975,B01,61,1
1976,FA,4,1
1977,B46,25,2
1978,B56,24,1
1979,B22,30,1
1980,B22,30,2
1981,LAG,13,2
1982,B20,31,1
1983,B28,29,1
1984,B26,45,1
1985,B42,28,1
1986,B23,29,1
1987,B23,29,2
1988,B02,66,1
1989,B42,28,2
1990,B29,33,1
1991,SA,7,1
1992,B31,44,1
1993,B39,28,1
1994,B11,39,1
1995,MF,13,1
1996,B07,36,1
1997,B31,44,2
1998,B25,37,1
1999,M1,6,1
2000,B24,32,1
2001,B24,32,2
2002,B50,5,1
2003,B54,25,1
2004,B10,37,1
2005,B10,37,2
2006,B21,31,1
2007,B41,27,1
2008,B57,23,1
2009,B57,23,2
2010,B08,44,1
2011,B59,4,1
2012,B43,25,1
2013,M2,5,1
2014,B53,22,1
2015,A02,34,1
2016,LAG,14,2
2017,LAG,14,3
2018,AD1,33,1
2019,AD1,33,2
2020,B40,26,1
2021,B38,32,1
2022,B37,30,1
2023,B37,30,2
2024,B46,26,1
2025,B28,30,1
2026,B48,12,1
2027,B31,45,1
2028,FA,5,1
2029,B30,33,1
2030,B49,13,1
2031,B02,67,1
2032,B01,62,1
2033,B28,30,2
2034,B32,32,1
2035,B32,32,2
2036,B52,23,1
2037,B21,32,1
2038,B51,33,1
2039,B34,33,1
2040,B19,34,1
2041,B45,25,1
2042,B44,28,1
2043,B42,29,1
2044,B22,31,1
2045,B58,22,1
2046,M1,7,1
2047,B04,41,1
2048,B47,17,1
2049,B23,30,1
2050,B27,29,1
2051,B56,25,1
2052,B04,41,2
2053,B36,39,1
2054,B24,33,1
2055,B26,46,1
2056,B09,14,1
2057,B36,39,2
2058,B23,30,2
2059,B05,40,1
2060,B50,6,1
2061,B38,33,1
2062,B20,32,1
2063,B08,45,1
2064,B31,46,1
2065,A03,31,1
2066,AD1,34,1
2067,B37,31,1
2068,B41,28,1
2069,B02,68,1
2070,B39,29,1
2071,B29,34,1
2072,B29,34,2
2073,SA,8,1
2074,SA,8,2
2075,B57,24,1
2076,B11,40,1
2077,B32,33,1
2078,B32,33,2
2079,B34,34,1
2080,B34,34,2
2081,SA,8,3
2082,AD1,34,2
2083,B01,63,1
2084,B34,34,3
2085,FA,6,1
2086,B30,34,1
2087,B07,37,1
2088,B02,68,2
2089,LAG,15,1
2090,B40,27,1
2091,MF,14,1
2092,B07,37,2
2093,B28,31,1
2094,B25,38,1
2095,B31,47,1
2096,M2,6,1
2097,B29,35,1
2098,B29,35,2
2099,M1,8,1
2100,B27,30,1
2101,B10,38,1
2102,B23,31,1
2103,B10,38,2
2104,B54,26,1
2105,B36,40,1
2106,B36,40,2
