'date';'produit';'�visc�r�';'filet';'entier'
15/8/2011;'carpe';55,00;0,00;0,00
16/8/2011;'carpe';127,00;0,00;0,00
17/8/2011;'carpe';134,00;0,00;0,00
18/8/2011;'carpe';443,00;0,00;0,00
18/8/2011;'tilapia';341,00;0,00;0,00
22/8/2011;'carpe';236,00;0,00;0,00
23/8/2011;'tilapia';267,00;0,00;0,00
23/8/2011;'carpe';141,00;0,00;0,00
24/8/2011;;223,00;0,00;0,00
25/8/2011;;152,00;0,00;0,00
25/8/2011;;291,00;0,00;0,00
25/8/2011;'tilapia';152,00;0,00;0,00
25/8/2011;'carpe';291,00;0,00;0,00
24/8/2011;'carpe';223,00;0,00;0,00
24/8/2011;'tilapia';82,00;0,00;0,00
30/8/2011;'tilapia';343,00;0,00;0,00
30/8/2011;'carpe';552,00;0,00;0,00
31/8/2011;'tilapia';214,00;0,00;0,00
31/8/2011;'carpe';62,00;0,00;0,00
1/9/2011;'tilapia';164,00;0,00;0,00
1/9/2011;'carpe';409,00;0,00;0,00
6/9/2011;'tilapia';235,00;0,00;0,00
6/9/2011;'carpe';499,00;0,00;0,00
7/9/2011;'tilapia';253,00;0,00;0,00
7/9/2011;'carpe';40,00;0,00;0,00
2/1/2007;'carpe';67,00;0,00;0,00
3/1/2007;'carpe';215,00;0,00;0,00
26/1/2007;'carpe';22,00;0,00;0,00
30/1/2007;'carpe';17,00;0,00;0,00
8/2/2007;'carpe';17,00;0,00;0,00
12/2/2007;'carpe';28,00;0,00;0,00
19/2/2007;'carpe';136,00;0,00;0,00
27/3/2007;'carpe';648,00;0,00;0,00
2/4/2007;'carpe';457,00;0,00;0,00
3/4/2007;'carpe';457,00;0,00;0,00
9/4/2007;'carpe';90,00;0,00;0,00
10/4/2007;'carpe';353,00;0,00;0,00
11/4/2007;'carpe';395,00;0,00;0,00
16/4/2007;'carpe';151,00;0,00;0,00
17/4/2007;'carpe';188,00;0,00;0,00
25/4/2007;;0,00;0,00;7,00
25/4/2007;'carpe';0,00;0,00;7,00
24/4/2007;'carpe';92,00;0,00;0,00
23/4/2007;;183,00;0,00;0,00
1/5/2007;;77,00;0,00;0,00
7/5/2007;'carpe';41,00;0,00;0,00
23/4/2007;;183,00;0,00;0,00
1/5/2007;;77,00;0,00;0,00
14/5/2007;;277,00;0,00;0,00
15/5/2007;;170,00;0,00;0,00
15/5/2007;;170,00;0,00;0,00
18/6/2007;'carpe';180,00;0,00;0,00
27/6/2007;'carpe';531,00;0,00;0,00
25/6/2007;;0,00;0,00;0,00
11/7/2007;'carpe';390,00;0,00;0,00
12/7/2007;'carpe';27,00;0,00;0,00
23/7/2007;;154,00;0,00;0,00
6/8/2007;'carpe';13,00;0,00;0,00
27/8/2007;'carpe';300,00;0,00;0,00
23/10/2007;'carpe';560,00;0,00;0,00
13/9/2007;'carpe';145,00;0,00;0,00
31/10/2007;'carpe';56,00;0,00;0,00
6/11/2007;'carpe';180,00;0,00;0,00
12/11/2007;'carpe';18,00;0,00;0,00
13/11/2007;'carpe';17,00;0,00;0,00
14/11/2007;'carpe';247,00;0,00;0,00
21/11/2007;'carpe';472,00;0,00;0,00
28/11/2007;'carpe';285,00;0,00;0,00
5/12/2007;'carpe';407,00;0,00;0,00
13/12/2007;'carpe';1009,00;0,00;0,00
19/12/2007;'carpe';226,00;0,00;0,00
27/12/2007;'carpe';155,00;0,00;0,00
28/12/2007;'carpe';323,00;0,00;0,00
4/1/2008;'carpe';22,00;0,00;0,00
11/1/2008;'carpe';56,00;0,00;0,00
15/1/2008;'carpe';649,00;0,00;0,00
14/1/2008;'carpe';112,00;0,00;0,00
14/1/2008;'carpe';122,00;0,00;0,00
23/1/2008;'carpe';353,00;0,00;0,00
28/1/2008;'carpe';209,00;0,00;0,00
29/1/2008;'carpe';230,00;0,00;0,00
6/2/2008;'carpe';81,00;0,00;0,00
11/2/2008;'carpe';167,00;0,00;0,00
12/2/2008;'carpe';355,00;0,00;0,00
18/2/2008;;28,00;0,00;0,00
18/2/2008;'carpe';36,00;0,00;0,00
19/2/2008;'carpe';133,00;0,00;0,00
25/2/2008;'carpe';231,00;0,00;0,00
3/3/2008;'carpe';70,00;0,00;0,00
4/3/2008;'carpe';254,00;0,00;0,00
17/3/2008;'carpe';78,00;0,00;0,00
18/3/2008;'carpe';81,00;0,00;0,00
19/3/2008;'carpe';32,00;0,00;0,00
24/3/2008;'carpe';157,00;0,00;0,00
27/3/2008;'carpe';20,00;0,00;0,00
7/4/2008;'carpe';238,00;0,00;0,00
10/4/2008;'carpe';68,00;0,00;0,00
14/4/2008;'carpe';142,00;0,00;0,00
21/4/2008;'carpe';34,00;0,00;0,00
28/4/2008;'carpe';66,00;0,00;0,00
29/4/2008;'carpe';84,00;0,00;0,00
6/5/2008;'carpe';38,00;0,00;0,00
7/5/2008;'carpe';95,00;0,00;0,00
12/5/2008;'carpe';178,00;0,00;0,00
13/5/2008;'carpe';75,00;0,00;0,00
9/6/2008;'carpe';74,00;0,00;0,00
10/6/2008;'tilapia';0,00;0,00;0,00
10/6/2008;'carpe';371,00;0,00;0,00
16/6/2008;'carpe';141,00;0,00;0,00
18/6/2008;'carpe';149,00;0,00;0,00
23/6/2008;'carpe';23,00;0,00;0,00
30/6/2008;'carpe';66,00;0,00;0,00
2/7/2008;'carpe';413,00;0,00;0,00
8/7/2008;'carpe';29,00;0,00;0,00
9/7/2008;'carpe';204,00;0,00;0,00
16/7/2008;'carpe';152,00;0,00;0,00
21/7/2008;'carpe';52,00;0,00;0,00
23/7/2008;'carpe';151,00;0,00;0,00
28/7/2008;'carpe';19,00;0,00;0,00
30/7/2008;'carpe';112,00;0,00;0,00
11/8/2008;'carpe';45,00;0,00;0,00
13/8/2008;'carpe';408,00;0,00;0,00
19/8/2008;'carpe';287,00;0,00;0,00
25/8/2008;'carpe';99,00;0,00;0,00
26/8/2008;'carpe';474,00;0,00;0,00
1/9/2008;'carpe';13,00;0,00;0,00
2/9/2008;'carpe';23,00;0,00;0,00
9/9/2008;'carpe';65,31;0,00;0,00
23/9/2008;'carpe';118,00;0,00;0,00
29/9/2008;'carpe';25,00;0,00;0,00
30/9/2008;'carpe';187,00;0,00;0,00
25/9/2008;'carpe';32,00;0,00;0,00
6/10/2008;'carpe';433,75;0,00;0,00
7/10/2008;'carpe';155,00;0,00;0,00
13/10/2008;'carpe';403,00;0,00;0,00
14/10/2008;'carpe';63,90;0,00;0,00
20/10/2008;'carpe';507,75;0,00;0,00
21/10/2008;'carpe';146,00;0,00;0,00
22/10/2008;'carpe';26,62;0,00;0,00
27/10/2008;'carpe';379,75;0,00;0,00
28/10/2008;'carpe';240,00;0,00;0,00
3/11/2008;'carpe';540,00;0,00;0,00
4/11/2008;'carpe';271,00;0,00;0,00
10/11/2008;'carpe';715,80;0,00;0,00
11/11/2008;'carpe';308,00;0,00;0,00
17/11/2008;'carpe';293,00;0,00;0,00
18/11/2008;'carpe';211,10;0,00;0,00
24/11/2008;'carpe';286,20;0,00;0,00
25/11/2008;'carpe';349,90;0,00;0,00
1/12/2008;'carpe';484,50;0,00;0,00
2/12/2008;'carpe';257,25;0,00;0,00
8/12/2008;'carpe';594,80;0,00;0,00
9/12/2008;'carpe';436,00;0,00;0,00
15/12/2008;'carpe';583,62;0,00;0,00
16/12/2008;'carpe';314,20;0,00;0,00
17/12/2008;'carpe';122,00;0,00;0,00
22/12/2008;'carpe';1185,00;0,00;0,00
26/12/2008;'carpe';545,00;0,00;0,00
29/12/2008;'carpe';704,50;0,00;0,00
30/12/2008;'carpe';362,20;0,00;0,00
6/1/2009;'carpe';521,80;0,00;0,00
7/1/2009;'carpe';538,00;0,00;0,00
12/1/2009;'carpe';598,00;0,00;0,00
13/1/2009;'carpe';838,00;0,00;0,00
19/1/2009;'carpe';614,50;0,00;0,00
20/1/2009;'carpe';265,00;0,00;0,00
27/1/2009;'carpe';648,00;0,00;0,00
2/2/2009;'carpe';698,75;0,00;0,00
3/2/2009;'carpe';844,00;0,00;0,00
9/2/2009;'carpe';372,50;0,00;0,00
10/2/2009;'carpe';405,00;0,00;0,00
16/2/2009;'carpe';163,00;0,00;0,00
17/2/2009;'carpe';317,00;0,00;0,00
23/2/2009;'carpe';416,00;0,00;0,00
24/2/2009;'carpe';96,00;0,00;0,00
24/2/2009;'tilapia';95,00;0,00;0,00
2/3/2009;'carpe';301,00;0,00;0,00
3/3/2009;'carpe';45,00;0,00;0,00
3/3/2009;'tilapia';99,00;0,00;0,00
9/3/2009;'carpe';140,00;0,00;0,00
9/3/2009;'tilapia';5,00;0,00;0,00
10/3/2009;'carpe';207,00;0,00;0,00
16/3/2009;'carpe';367,00;0,00;0,00
17/3/2009;'carpe';133,00;0,00;0,00
17/3/2009;'tilapia';210,00;0,00;0,00
23/3/2009;'carpe';268,00;0,00;0,00
24/3/2009;'carpe';266,00;0,00;0,00
24/3/2009;'tilapia';89,00;0,00;0,00
30/3/2009;'carpe';289,00;0,00;0,00
31/3/2009;'carpe';247,00;0,00;0,00
31/3/2009;'tilapia';143,00;0,00;0,00
6/4/2009;'carpe';700,00;0,00;0,00
7/4/2009;'carpe';381,00;0,00;0,00
7/4/2009;'tilapia';110,00;0,00;0,00
9/4/2009;'carpe';83,00;0,00;0,00
13/4/2009;'carpe';235,00;0,00;0,00
14/4/2009;'carpe';205,00;0,00;0,00
14/4/2009;'tilapia';132,00;0,00;0,00
20/4/2009;'carpe';538,00;0,00;0,00
21/4/2009;'carpe';226,00;0,00;0,00
21/4/2009;'tilapia';82,00;0,00;0,00
27/4/2009;'tilapia';21,00;0,00;0,00
27/4/2009;'carpe';220,00;0,00;0,00
28/4/2009;'carpe';220,00;0,00;0,00
28/4/2009;'tilapia';103,00;0,00;0,00
5/5/2009;'carpe';371,00;0,00;0,00
6/5/2009;'carpe';282,00;0,00;0,00
6/5/2009;'tilapia';56,00;0,00;0,00
11/5/2009;'carpe';52,00;0,00;0,00
11/5/2009;'tilapia';78,00;0,00;0,00
12/5/2009;'carpe';248,00;0,00;0,00
18/5/2009;'carpe';260,00;0,00;0,00
18/5/2009;'tilapia';5,00;0,00;0,00
19/5/2009;'carpe';154,00;0,00;0,00
19/5/2009;'tilapia';48,00;0,00;0,00
25/5/2009;'carpe';395,00;0,00;0,00
26/5/2009;'carpe';282,00;0,00;0,00
8/6/2009;'carpe';315,00;0,00;0,00
9/6/2009;'carpe';210,00;0,00;0,00
9/6/2009;'tilapia';112,00;0,00;0,00
15/6/2009;;92,00;0,00;0,00
15/6/2009;'tilapia';92,00;0,00;0,00
15/6/2009;'carpe';174,00;0,00;0,00
16/6/2009;'carpe';248,00;0,00;0,00
16/6/2009;'tilapia';341,00;0,00;0,00
22/6/2009;'carpe';228,00;0,00;0,00
22/6/2009;'tilapia';469,00;0,00;0,00
23/6/2009;'carpe';241,00;0,00;0,00
24/6/2009;'carpe';116,00;0,00;0,00
29/6/2009;'carpe';619,20;0,00;0,00
30/6/2009;'carpe';362,00;0,00;0,00
6/7/2009;'carpe';325,00;0,00;0,00
7/7/2009;'carpe';360,00;0,00;0,00
13/7/2009;'carpe';290,00;0,00;0,00
14/7/2009;;266,00;0,00;0,00
20/7/2009;;402,50;0,00;0,00
20/7/2009;'carpe';402,50;0,00;0,00
21/7/2009;'carpe';639,00;0,00;0,00
22/7/2009;'carpe';57,00;0,00;0,00
23/7/2009;'carpe';143,00;0,00;0,00
27/7/2009;'carpe';416,70;0,00;0,00
28/7/2009;'carpe';286,00;0,00;0,00
3/8/2009;'carpe';259,00;0,00;0,00
4/8/2009;'carpe';362,50;0,00;0,00
5/8/2009;'carpe';165,00;0,00;0,00
6/8/2009;'carpe';174,50;0,00;0,00
10/8/2009;'carpe';286,00;0,00;0,00
11/8/2009;'carpe';266,00;0,00;0,00
12/8/2009;'carpe';134,00;0,00;0,00
17/8/2009;;202,50;0,00;0,00
18/8/2009;'carpe';270,50;0,00;0,00
19/8/2009;'carpe';49,00;0,00;0,00
24/8/2009;'carpe';259,50;0,00;0,00
25/8/2009;'carpe';254,00;0,00;0,00
26/8/2009;'carpe';153,50;0,00;0,00
27/8/2009;'carpe';59,00;0,00;0,00
31/8/2009;'carpe';229,00;0,00;0,00
1/9/2009;'carpe';380,00;0,00;0,00
2/9/2009;'carpe';55,00;0,00;0,00
3/9/2009;'carpe';304,00;0,00;0,00
7/9/2009;'carpe';178,00;0,00;0,00
8/9/2009;'carpe';129,00;0,00;0,00
9/9/2009;'carpe';98,50;0,00;0,00
14/9/2009;'carpe';148,00;0,00;0,00
15/9/2009;'carpe';217,00;0,00;0,00
16/9/2009;'carpe';27,00;0,00;0,00
21/9/2009;'carpe';90,00;0,00;0,00
22/9/2009;'carpe';215,00;0,00;0,00
28/9/2009;'carpe';74,00;0,00;0,00
29/9/2009;;0,00;0,00;0,00
29/9/2009;'carpe';393,00;0,00;0,00
5/10/2009;'carpe';58,00;0,00;0,00
8/10/2009;'carpe';90,00;0,00;0,00
12/10/2009;'carpe';91,00;0,00;0,00
13/10/2009;'carpe';116,00;0,00;0,00
14/10/2009;'carpe';180,00;0,00;0,00
19/10/2009;'carpe';138,50;0,00;0,00
20/10/2009;'carpe';289,50;0,00;0,00
22/10/2009;'carpe';18,00;0,00;0,00
26/10/2009;'carpe';90,00;0,00;0,00
27/10/2009;'carpe';215,00;0,00;0,00
2/11/2009;'carpe';95,00;0,00;0,00
3/11/2009;'carpe';238,50;0,00;0,00
10/11/2009;'carpe';108,50;0,00;0,00
11/11/2009;'carpe';210,00;0,00;0,00
16/11/2009;'carpe';178,50;0,00;0,00
17/11/2009;'carpe';352,00;0,00;0,00
18/11/2009;'carpe';209,00;0,00;0,00
23/11/2009;'carpe';106,00;0,00;0,00
24/11/2009;'carpe';1081,00;0,00;0,00
30/11/2009;'carpe';211,00;0,00;0,00
1/12/2009;'carpe';147,50;0,00;0,00
1/12/2009;'tilapia';422,00;0,00;0,00
7/12/2009;'carpe';505,00;0,00;0,00
8/12/2009;'carpe';300,00;0,00;0,00
9/12/2009;'carpe';172,50;0,00;0,00
14/12/2009;'carpe';57,00;0,00;0,00
15/12/2009;'carpe';312,00;0,00;0,00
21/12/2009;'carpe';183,50;0,00;0,00
22/12/2009;'carpe';206,00;0,00;0,00
28/12/2009;'carpe';114,50;0,00;0,00
29/12/2009;'carpe';260,00;0,00;0,00
5/1/2010;'carpe';184,00;0,00;0,00
6/1/2010;'carpe';487,00;0,00;0,00
11/1/2010;'carpe';264,50;0,00;0,00
12/1/2010;'carpe';320,00;0,00;0,00
13/1/2010;'carpe';5,00;0,00;0,00
18/1/2010;'carpe';229,00;0,00;0,00
19/1/2010;'carpe';389,00;0,00;0,00
22/1/2010;'carpe';238,00;0,00;0,00
26/1/2010;'carpe';305,00;0,00;0,00
27/1/2010;'carpe';261,00;0,00;0,00
28/1/2010;'carpe';43,00;0,00;0,00
29/1/2010;'carpe';191,00;0,00;0,00
1/2/2010;'carpe';139,50;0,00;0,00
2/2/2010;'carpe';320,50;0,00;0,00
8/2/2010;'carpe';239,50;0,00;0,00
9/2/2010;'carpe';344,00;0,00;0,00
10/2/2010;'carpe';153,00;0,00;0,00
15/2/2010;'carpe';118,00;0,00;0,00
22/2/2010;'carpe';228,00;0,00;0,00
23/2/2010;'carpe';365,00;0,00;0,00
24/2/2010;'carpe';81,00;0,00;0,00
1/3/2010;'carpe';437,00;0,00;0,00
2/3/2010;'carpe';633,00;0,00;0,00
8/3/2010;'carpe';50,00;0,00;0,00
9/3/2010;'carpe';640,00;0,00;0,00
16/3/2010;'carpe';255,00;0,00;0,00
17/3/2010;'carpe';470,50;0,00;0,00
22/3/2010;'carpe';622,00;0,00;0,00
23/3/2010;'carpe';533,00;0,00;0,00
29/3/2010;'carpe';494,00;0,00;0,00
30/3/2010;'carpe';380,00;0,00;0,00
5/4/2010;'carpe';400,00;0,00;0,00
6/4/2010;;122,00;0,00;0,00
7/4/2010;'carpe';263,00;0,00;0,00
8/4/2010;'carpe';23,00;0,00;0,00
12/4/2010;'carpe';372,00;0,00;0,00
13/4/2010;'carpe';348,00;0,00;0,00
19/4/2010;;219,00;0,00;0,00
19/4/2010;'carpe';219,00;0,00;0,00
20/4/2010;'carpe';330,00;0,00;0,00
26/4/2010;'carpe';145,50;0,00;0,00
27/4/2010;'carpe';324,00;0,00;0,00
28/4/2010;'carpe';141,80;0,00;0,00
17/5/2010;'carpe';234,00;0,00;0,00
18/5/2010;'carpe';450,00;0,00;0,00
24/5/2010;'carpe';398,00;0,00;0,00
25/5/2010;'carpe';554,00;0,00;0,00
26/5/2010;'carpe';176,00;0,00;0,00
31/5/2010;'carpe';170,00;0,00;0,00
1/6/2010;'carpe';379,00;0,00;0,00
7/6/2010;'carpe';393,00;0,00;0,00
8/6/2010;'carpe';407,00;0,00;0,00
14/6/2010;'carpe';267,00;0,00;0,00
15/6/2010;'carpe';408,00;0,00;0,00
21/6/2010;'carpe';300,00;0,00;0,00
22/6/2010;'carpe';343,00;0,00;0,00
28/6/2010;'carpe';289,00;0,00;0,00
29/6/2010;'carpe';342,00;0,00;0,00
5/7/2010;'carpe';326,00;0,00;0,00
6/7/2010;'carpe';342,00;0,00;0,00
12/7/2010;'carpe';376,00;0,00;0,00
13/7/2010;'carpe';118,00;0,00;0,00
19/7/2010;'carpe';78,50;0,00;0,00
20/7/2010;'carpe';227,00;0,00;0,00
26/7/2010;'carpe';83,00;0,00;0,00
27/7/2010;'carpe';369,00;0,00;0,00
2/8/2010;'carpe';102,00;0,00;0,00
3/8/2010;'carpe';181,00;0,00;0,00
9/8/2010;'carpe';82,00;0,00;0,00
10/8/2010;'carpe';238,00;0,00;0,00
17/8/2010;'carpe';252,00;0,00;0,00
18/8/2010;'carpe';188,00;0,00;0,00
23/8/2010;'carpe';165,50;0,00;0,00
24/8/2010;'carpe';6,00;0,00;0,00
25/8/2010;'carpe';127,00;0,00;0,00
30/8/2010;'carpe';171,00;0,00;0,00
31/8/2010;'carpe';206,00;0,00;0,00
6/9/2010;'carpe';92,00;0,00;0,00
7/9/2010;'carpe';90,00;0,00;0,00
8/9/2010;'carpe';98,00;0,00;0,00
13/9/2010;'carpe';52,00;0,00;0,00
14/9/2010;'carpe';192,50;0,00;27,00
20/9/2010;'carpe';91,00;0,00;0,00
21/9/2010;'carpe';194,00;0,00;0,00
27/9/2010;'carpe';240,00;0,00;0,00
28/9/2010;'carpe';229,00;0,00;0,00
5/10/2010;'carpe';285,00;0,00;0,00
4/10/2010;'carpe';66,00;0,00;0,00
11/10/2010;'carpe';232,00;0,00;0,00
12/10/2010;'carpe';470,00;0,00;0,00
18/10/2010;'carpe';368,00;0,00;80,00
25/10/2010;'carpe';190,00;0,00;0,00
26/10/2010;'carpe';342,00;0,00;0,00
1/11/2010;'carpe';85,00;0,00;424,00
2/11/2010;'carpe';430,00;0,00;0,00
3/11/2010;'carpe';44,00;0,00;0,00
8/11/2010;'carpe';0,00;0,00;249,00
9/11/2010;'carpe';626,00;0,00;0,00
19/10/2010;'carpe';150,00;0,00;103,00
15/11/2010;'carpe';165,00;0,00;206,00
16/11/2010;'carpe';328,00;0,00;0,00
22/11/2010;'carpe';0,00;0,00;360,00
23/11/2010;'carpe';256,00;0,00;0,00
24/11/2010;'carpe';241,00;0,00;0,00
29/11/2010;'carpe';0,00;0,00;100,00
30/11/2010;'carpe';505,00;0,00;0,00
1/12/2010;'carpe';443,50;0,00;0,00
6/12/2010;'carpe';0,00;0,00;189,00
7/12/2010;'carpe';261,00;0,00;0,00
8/12/2010;'carpe';505,00;0,00;0,00
9/12/2010;'carpe';107,00;0,00;0,00
13/12/2010;'carpe';0,00;0,00;194,00
14/12/2010;'carpe';373,00;0,00;0,00
15/12/2010;'carpe';218,00;0,00;0,00
20/12/2010;'carpe';0,00;0,00;282,00
21/12/2010;'carpe';476,00;0,00;0,00
22/12/2010;'carpe';75,00;0,00;0,00
23/12/2010;'carpe';75,00;0,00;0,00
27/12/2010;'carpe';168,00;0,00;0,00
28/12/2010;'carpe';376,00;0,00;0,00
30/12/2010;'carpe';224,50;0,00;0,00
3/1/2011;'carpe';0,00;0,00;190,00
4/1/2011;'carpe';376,00;0,00;0,00
5/1/2011;'carpe';108,00;0,00;0,00
6/1/2011;'carpe';275,00;0,00;0,00
10/1/2011;'carpe';0,00;0,00;189,00
11/1/2011;'carpe';50,00;0,00;0,00
12/1/2011;'carpe';231,00;0,00;0,00
13/1/2011;'carpe';163,00;0,00;0,00
17/1/2011;'carpe';155,00;0,00;0,00
18/1/2011;'carpe';201,00;0,00;0,00
19/1/2011;'carpe';25,00;0,00;0,00
20/1/2011;;240,00;0,00;0,00
20/1/2011;'carpe';240,00;0,00;0,00
24/1/2011;'carpe';125,00;0,00;0,00
26/1/2011;'carpe';280,50;0,00;0,00
31/1/2011;'carpe';271,00;0,00;0,00
2/2/2011;'carpe';167,00;0,00;0,00
8/2/2011;'carpe';286,00;0,00;0,00
9/2/2011;'carpe';254,00;0,00;0,00
10/2/2011;'carpe';8,50;0,00;0,00
14/2/2011;'carpe';9,50;0,00;0,00
15/2/2011;'carpe';245,00;0,00;0,00
16/2/2011;'carpe';229,00;0,00;0,00
17/2/2011;'carpe';134,00;0,00;0,00
18/2/2011;'carpe';152,00;0,00;0,00
21/2/2011;'carpe';83,00;0,00;0,00
22/2/2011;'carpe';79,00;0,00;0,00
1/3/2011;;248,00;0,00;0,00
3/3/2011;'carpe';99,00;0,00;410,00
4/3/2011;'carpe';40,00;0,00;0,00
7/3/2011;'carpe';226,00;0,00;0,00
8/3/2011;'carpe';332,00;0,00;0,00
8/3/2011;'tilapia';175,00;0,00;0,00
4/3/2011;'tilapia';103,00;0,00;0,00
1/3/2011;'tilapia';243,00;0,00;0,00
9/3/2011;'carpe';134,50;0,00;0,00
15/3/2011;;0,00;0,00;0,00
16/3/2011;'carpe';169,00;0,00;0,00
17/3/2011;'carpe';113,00;0,00;0,00
17/3/2011;'tilapia';339,50;0,00;0,00
18/3/2011;'carpe';0,00;0,00;403,00
21/3/2011;'carpe';3,00;0,00;0,00
22/3/2011;'carpe';231,50;0,00;0,00
23/3/2011;'carpe';198,00;0,00;0,00
23/3/2011;'tilapia';129,00;0,00;0,00
22/3/2011;'tilapia';75,50;0,00;0,00
22/3/2011;'carpe';231,50;0,00;0,00
29/3/2011;'carpe';299,00;0,00;0,00
29/3/2011;'tilapia';145,00;0,00;0,00
30/3/2011;'tilapia';92,00;0,00;0,00
30/3/2011;'carpe';157,00;0,00;0,00
31/3/2011;'tilapia';108,00;0,00;0,00
31/3/2011;'carpe';63,00;0,00;0,00
4/4/2011;'carpe';124,00;0,00;0,00
5/4/2011;'tilapia';169,00;0,00;0,00
5/4/2011;'carpe';262,00;0,00;0,00
6/4/2011;'carpe';162,00;0,00;0,00
12/4/2011;'carpe';243,00;0,00;0,00
12/4/2011;'tilapia';327,00;0,00;0,00
13/4/2011;'carpe';300,00;0,00;0,00
13/4/2011;'tilapia';60,00;0,00;0,00
18/4/2011;'carpe';46,00;0,00;0,00
19/4/2011;'carpe';182,00;0,00;0,00
19/4/2011;'tilapia';82,00;0,00;0,00
20/4/2011;'carpe';370,50;0,00;0,00
20/4/2011;'tilapia';97,00;0,00;0,00
26/4/2011;'carpe';31,00;0,00;0,00
27/4/2011;'tilapia';412,50;0,00;0,00
27/4/2011;'carpe';90,50;0,00;0,00
28/4/2011;'carpe';231,00;0,00;0,00
3/5/2011;'carpe';230,00;0,00;0,00
4/5/2011;'carpe';53,00;0,00;0,00
4/5/2011;'tilapia';127,00;0,00;0,00
5/5/2011;'carpe';154,00;0,00;0,00
9/5/2011;'carpe';56,00;0,00;0,00
10/5/2011;'carpe';55,00;0,00;0,00
11/5/2011;'tilapia';301,00;0,00;0,00
11/5/2011;'carpe';201,00;0,00;0,00
30/5/2011;'carpe';8,00;0,00;0,00
31/5/2011;'carpe';315,00;0,00;0,00
31/5/2011;'tilapia';311,00;0,00;0,00
1/6/2011;'carpe';208,00;0,00;0,00
1/6/2011;'tilapia';178,00;0,00;0,00
2/6/2011;'carpe';132,00;0,00;0,00
7/6/2011;'carpe';340,00;0,00;0,00
8/6/2011;'carpe';665,00;0,00;0,00
8/6/2011;'tilapia';191,00;0,00;0,00
9/6/2011;'carpe';233,00;0,00;0,00
14/6/2011;'carpe';138,00;0,00;0,00
14/6/2011;'tilapia';281,00;0,00;0,00
20/6/2011;'carpe';133,00;0,00;0,00
21/6/2011;'tilapia';161,00;0,00;0,00
21/6/2011;'carpe';183,00;0,00;0,00
28/6/2011;'tilapia';191,00;0,00;0,00
28/6/2011;'carpe';98,00;0,00;0,00
29/6/2011;'carpe';322,00;0,00;0,00
5/7/2011;'tilapia';274,00;0,00;0,00
5/7/2011;'carpe';82,00;0,00;0,00
6/7/2011;'carpe';194,00;0,00;0,00
6/7/2011;'tilapia';181,00;0,00;0,00
7/7/2011;'carpe';4,00;0,00;0,00
11/7/2011;'carpe';6,00;0,00;0,00
12/7/2011;;336,00;0,00;0,00
12/7/2011;'carpe';336,00;0,00;0,00
13/7/2011;'carpe';143,00;0,00;0,00
14/7/2011;'carpe';283,00;0,00;0,00
19/7/2011;'tilapia';212,00;0,00;0,00
19/7/2011;'carpe';168,00;0,00;0,00
20/7/2011;'tilapia';240,00;0,00;0,00
20/7/2011;'carpe';133,00;0,00;0,00
26/7/2011;'carpe';340,00;0,00;0,00
26/7/2011;'tilapia';75,00;0,00;0,00
27/7/2011;'carpe';63,00;0,00;0,00
3/8/2011;'carpe';219,00;0,00;0,00
3/8/2011;'tilapia';299,00;0,00;0,00
8/8/2011;'carpe';175,00;0,00;0,00
9/8/2011;'carpe';98,00;0,00;0,00
11/8/2011;'tilapia';461,00;0,00;0,00
11/8/2011;'carpe';115,00;0,00;0,00
10/8/2011;'carpe';392,00;0,00;0,00
12/9/2011;'carpe';63,00;0,00;0,00
13/9/2011;;269,00;0,00;0,00
13/9/2011;'tilapia';269,00;0,00;0,00
13/9/2011;'carpe';249,00;0,00;0,00
14/9/2011;;303,00;0,00;0,00
14/9/2011;'tilapia';303,00;0,00;0,00
14/9/2011;'carpe';276,00;0,00;0,00
19/9/2011;'carpe';188,00;0,00;0,00
20/9/2011;'tilapia';215,00;0,00;0,00
20/9/2011;'carpe';350,00;0,00;0,00
21/9/2011;'tilapia';421,00;0,00;0,00
21/9/2011;'carpe';200,00;0,00;0,00
26/9/2011;'carpe';30,00;0,00;0,00
27/9/2011;'tilapia';187,00;0,00;0,00
27/9/2011;'carpe';695,00;0,00;0,00
28/9/2011;'tilapia';500,00;0,00;0,00
28/9/2011;'carpe';171,00;0,00;0,00
3/10/2011;;159,00;0,00;0,00
4/10/2011;'tilapia';15,00;0,00;0,00
5/10/2011;'tilapia';300,00;0,00;0,00
5/10/2011;'carpe';217,00;0,00;0,00
3/10/2011;'carpe';159,00;0,00;0,00
10/10/2011;'carpe';121,00;0,00;0,00
11/10/2011;'tilapia';332,00;0,00;0,00
11/10/2011;'carpe';495,00;0,00;0,00
13/10/2011;'tilapia';376,00;0,00;0,00
13/10/2011;'carpe';269,00;0,00;0,00
17/10/2011;'carpe';208,00;0,00;0,00
19/10/2011;'tilapia';279,00;0,00;0,00
19/10/2011;'carpe';48,00;0,00;0,00
24/10/2011;'tilapia';85,00;0,00;0,00
24/10/2011;;133,00;0,00;0,00
25/10/2011;'tilapia';300,00;0,00;0,00
25/10/2011;;0,00;0,00;0,00
25/10/2011;'carpe';306,00;0,00;0,00
26/10/2011;;180,00;0,00;0,00
26/10/2011;'tilapia';180,00;0,00;0,00
26/10/2011;'carpe';314,00;0,00;0,00
24/10/2011;'carpe';133,00;0,00;0,00
31/10/2011;'carpe';158,00;0,00;0,00
31/10/2011;'tilapia';13,00;0,00;0,00
1/11/2011;'carpe';102,00;0,00;0,00
2/11/2011;'tilapia';452,00;0,00;0,00
2/11/2011;;277,00;0,00;0,00
2/11/2011;'carpe';277,00;0,00;0,00
8/11/2011;'carpe';169,00;0,00;0,00
9/11/2011;'tilapia';416,00;0,00;0,00
9/11/2011;'carpe';312,00;0,00;0,00
10/11/2011;'tilapia';323,00;0,00;0,00
10/11/2011;'carpe';365,00;0,00;0,00
15/11/2011;'carpe';256,00;0,00;0,00
16/11/2011;;68,00;0,00;0,00
16/11/2011;'carpe';410,00;0,00;0,00
16/11/2011;'tilapia';68,00;0,00;0,00
21/11/2011;'carpe';52,00;0,00;0,00
22/11/2011;'tilapia';80,00;0,00;0,00
22/11/2011;'carpe';373,00;0,00;0,00
23/11/2011;'tilapia';226,00;0,00;0,00
23/11/2011;'carpe';44,00;0,00;0,00
28/11/2011;'carpe';158,00;0,00;0,00
29/11/2011;;81,00;0,00;0,00
29/11/2011;'carpe';501,00;0,00;0,00
5/12/2011;'carpe';10,00;0,00;0,00
29/11/2011;'tilapia';81,00;0,00;0,00
6/12/2011;'carpe';314,00;0,00;0,00
7/12/2011;'tilapia';190,00;0,00;0,00
7/12/2011;'carpe';234,00;0,00;0,00
12/12/2011;'carpe';5,00;0,00;0,00
13/12/2011;'carpe';83,00;0,00;0,00
14/12/2011;'tilapia';377,00;0,00;0,00
14/12/2011;'carpe';610,00;0,00;0,00
19/12/2011;'tilapia';168,00;0,00;0,00
19/12/2011;'carpe';509,00;0,00;0,00
20/12/2011;'carpe';0,00;0,00;5,00
21/12/2011;'carpe';175,00;0,00;0,00
22/12/2011;'tilapia';262,00;0,00;0,00
22/12/2011;'carpe';378,00;0,00;0,00
26/12/2011;'carpe';9,00;0,00;0,00
27/12/2011;'tilapia';408,00;0,00;0,00
27/12/2011;'carpe';415,00;0,00;0,00
2/1/2012;'carpe';9,00;0,00;0,00
3/1/2012;'carpe';23,00;0,00;0,00
4/1/2012;'tilapia';329,00;0,00;0,00
4/1/2012;'carpe';454,00;0,00;0,00
10/1/2012;'carpe';217,00;0,00;0,00
11/1/2012;'tilapia';444,00;0,00;0,00
11/1/2012;'carpe';271,00;0,00;0,00
12/1/2012;'tilapia';285,00;0,00;0,00
12/1/2012;'carpe';325,00;0,00;0,00
16/1/2012;'carpe';170,00;0,00;0,00
17/1/2012;'tilapia';154,00;0,00;0,00
17/1/2012;;0,00;0,00;0,00
17/1/2012;'carpe';221,00;0,00;0,00
18/1/2012;'tilapia';384,00;0,00;0,00
18/1/2012;;0,00;0,00;0,00
18/1/2012;'carpe';263,00;0,00;0,00
16/1/2012;'carpe';170,00;0,00;0,00
23/1/2012;'tilapia';477,00;0,00;0,00
23/1/2012;'carpe';237,00;0,00;0,00
24/1/2012;'tilapia';118,00;0,00;0,00
24/1/2012;'carpe';396,00;0,00;0,00
25/1/2012;'carpe';251,00;0,00;0,00
31/1/2012;'carpe';220,00;0,00;0,00
1/2/2012;'tilapia';310,00;0,00;0,00
1/2/2012;'carpe';177,00;0,00;0,00
6/2/2012;'carpe';0,00;0,00;32,00
7/2/2012;'tilapia';270,00;0,00;0,00
7/2/2012;'carpe';251,00;0,00;0,00
8/2/2012;'tilapia';269,00;0,00;0,00
8/2/2012;'carpe';138,00;0,00;0,00
14/2/2012;'tilapia';494,00;0,00;0,00
14/2/2012;'carpe';271,00;0,00;0,00
15/2/2012;'tilapia';81,00;0,00;0,00
15/2/2012;'carpe';143,00;0,00;0,00
21/2/2012;'tilapia';362,00;0,00;0,00
21/2/2012;'carpe';202,00;0,00;0,00
22/2/2012;'tilapia';111,00;0,00;0,00
22/2/2012;'carpe';188,00;0,00;0,00
28/2/2012;'tilapia';640,00;0,00;0,00
28/2/2012;'carpe';252,00;0,00;0,00
29/2/2012;'tilapia';192,00;0,00;0,00
29/2/2012;'carpe';120,00;0,00;0,00
6/3/2012;'tilapia';281,00;0,00;0,00
6/3/2012;'carpe';248,00;0,00;0,00
7/3/2012;'tilapia';140,00;0,00;0,00
7/3/2012;'carpe';94,00;0,00;0,00
12/3/2012;'carpe';121,00;0,00;0,00
13/3/2012;'tilapia';415,00;0,00;0,00
13/3/2012;'carpe';176,00;0,00;0,00
14/3/2012;'tilapia';8,00;0,00;0,00
14/3/2012;'carpe';76,00;0,00;0,00
20/3/2012;;0,00;0,00;0,00
20/3/2012;'tilapia';361,00;0,00;0,00
20/3/2012;'carpe';377,00;0,00;0,00
21/3/2012;'carpe';263,00;0,00;0,00
21/3/2012;'tilapia';215,00;0,00;0,00
27/3/2012;'tilapia';119,00;0,00;0,00
27/3/2012;'carpe';226,00;0,00;0,00
28/3/2012;'carpe';126,00;0,00;0,00
28/3/2012;'tilapia';392,00;0,00;0,00
2/4/2012;'tilapia';378,00;0,00;0,00
2/4/2012;'carpe';191,00;0,00;0,00
3/4/2012;'carpe';197,50;0,00;0,00
4/4/2012;;87,00;0,00;0,00
4/4/2012;'carpe';119,00;0,00;0,00
5/4/2012;'carpe';85,00;0,00;0,00
9/4/2012;'tilapia';317,00;0,00;0,00
9/4/2012;'carpe';319,00;0,00;0,00
16/4/2012;'tilapia';521,00;0,00;0,00
16/4/2012;'carpe';234,00;0,00;0,00
21/4/2012;'carpe';5,00;0,00;0,00
23/4/2012;'carpe';390,00;0,00;0,00
24/4/2012;'tilapia';338,00;0,00;0,00
24/4/2012;'carpe';336,00;0,00;0,00
25/4/2012;'tilapia';137,00;0,00;0,00
25/4/2012;'carpe';74,00;0,00;0,00
1/5/2012;'tilapia';85,00;0,00;0,00
1/5/2012;'carpe';146,00;0,00;0,00
22/5/2012;'tilapia';250,00;0,00;0,00
22/5/2012;'carpe';233,00;0,00;0,00
21/5/2012;'carpe';83,00;0,00;0,00
23/5/2012;'tilapia';728,00;0,00;0,00
23/5/2012;'carpe';237,00;0,00;0,00
28/5/2012;'carpe';289,00;0,00;0,00
29/5/2012;'carpe';96,00;0,00;0,00
29/5/2012;'tilapia';358,00;0,00;0,00
4/6/2012;'carpe';151,00;0,00;0,00
5/6/2012;'carpe';10,00;0,00;0,00
6/6/2012;'carpe';473,00;0,00;0,00
6/6/2012;'tilapia';192,00;0,00;0,00
12/6/2012;'carpe';193,00;0,00;0,00
13/6/2012;'tilapia';648,00;0,00;0,00
13/6/2012;'carpe';148,00;0,00;0,00
18/6/2012;'carpe';70,00;0,00;0,00
19/6/2012;'tilapia';357,00;0,00;0,00
19/6/2012;'carpe';296,00;0,00;0,00
20/6/2012;'tilapia';124,00;0,00;0,00
20/6/2012;'carpe';189,00;0,00;0,00
25/6/2012;'carpe';108,00;0,00;0,00
2/7/2012;'carpe';167,00;0,00;0,00
26/6/2012;'tilapia';678,00;0,00;0,00
26/6/2012;'carpe';131,00;0,00;0,00
27/6/2012;'carpe';199,00;0,00;0,00
4/7/2012;'carpe';173,00;0,00;0,00
4/7/2012;'tilapia';336,00;0,00;0,00
9/7/2012;'carpe';142,00;0,00;0,00
10/7/2012;'carpe';169,00;0,00;0,00
11/7/2012;'tilapia';785,00;0,00;0,00
11/7/2012;'carpe';40,00;0,00;0,00
16/7/2012;'carpe';104,00;0,00;0,00
17/7/2012;'tilapia';165,00;0,00;0,00
17/7/2012;'carpe';250,00;0,00;0,00
18/7/2012;'tilapia';409,00;0,00;0,00
18/7/2012;'carpe';102,00;0,00;0,00
23/7/2012;'carpe';179,00;0,00;0,00
24/7/2012;'carpe';145,00;0,00;0,00
24/7/2012;'tilapia';729,00;0,00;0,00
25/7/2012;'carpe';14,00;0,00;0,00
30/7/2012;'carpe';100,00;0,00;0,00
31/7/2012;'carpe';220,00;0,00;0,00
31/7/2012;'tilapia';604,00;0,00;0,00
1/8/2012;'carpe';121,00;0,00;0,00
2/8/2012;'carpe';32,00;0,00;0,00
6/8/2012;'carpe';96,00;0,00;0,00
7/8/2012;'carpe';212,00;0,00;0,00
7/8/2012;'tilapia';955,00;0,00;0,00
13/8/2012;'carpe';200,00;0,00;0,00
14/8/2012;'tilapia';120,00;0,00;0,00
14/8/2012;'carpe';72,00;0,00;0,00
15/8/2012;'tilapia';526,00;0,00;0,00
15/8/2012;'carpe';286,00;0,00;0,00
20/8/2012;'carpe';193,00;0,00;0,00
21/8/2012;'carpe';410,00;0,00;0,00
21/8/2012;'tilapia';543,00;0,00;0,00
22/8/2012;'tilapia';107,00;0,00;0,00
27/8/2012;'carpe';188,00;0,00;0,00
28/8/2012;'carpe';329,00;0,00;0,00
28/8/2012;'tilapia';710,00;0,00;0,00
3/9/2012;'tilapia';208,00;0,00;0,00
3/9/2012;'carpe';44,00;0,00;0,00
4/9/2012;'tilapia';559,00;0,00;0,00
4/9/2012;'carpe';345,00;0,00;0,00
10/9/2012;'carpe';30,00;0,00;0,00
11/9/2012;'carpe';474,00;0,00;0,00
11/9/2012;'tilapia';611,00;0,00;0,00
17/9/2012;'carpe';410,00;0,00;0,00
18/9/2012;'tilapia';744,00;0,00;0,00
18/9/2012;'carpe';206,00;0,00;0,00
25/9/2012;'carpe';57,00;0,00;0,00
25/9/2012;'tilapia';96,00;0,00;0,00
26/9/2012;'tilapia';487,00;0,00;0,00
26/9/2012;'carpe';381,00;0,00;0,00
1/10/2012;'carpe';70,00;0,00;0,00
2/10/2012;'tilapia';175,00;0,00;0,00
2/10/2012;'carpe';334,00;0,00;0,00
3/10/2012;'tilapia';644,00;0,00;0,00
3/10/2012;'carpe';271,00;0,00;0,00
8/10/2012;'tilapia';47,00;0,00;0,00
8/10/2012;'carpe';273,00;0,00;0,00
9/10/2012;'tilapia';938,00;0,00;0,00
9/10/2012;'carpe';275,00;0,00;0,00
10/10/2012;'tilapia';451,00;0,00;0,00
10/10/2012;'carpe';237,00;0,00;0,00
15/10/2012;'carpe';241,00;0,00;0,00
17/10/2012;'tilapia';349,00;0,00;0,00
17/10/2012;'carpe';206,00;0,00;0,00
22/10/2012;'carpe';189,00;0,00;0,00
23/10/2012;'tilapia';1375,00;0,00;0,00
23/10/2012;'carpe';400,00;0,00;0,00
24/10/2012;'tilapia';325,00;0,00;0,00
30/10/2012;'tilapia';1005,00;0,00;0,00
29/10/2012;'carpe';234,00;0,00;0,00
30/10/2012;'carpe';445,00;0,00;0,00
5/11/2012;'tilapia';300,00;0,00;0,00
5/11/2012;'carpe';158,00;0,00;0,00
6/11/2012;'tilapia';750,00;0,00;0,00
6/11/2012;'carpe';600,00;0,00;0,00
8/11/2012;'tilapia';0,00;0,00;275,00
25/10/2012;'tilapia';0,00;0,00;200,00
12/11/2012;'carpe';278,00;0,00;0,00
13/11/2012;'carpe';511,00;0,00;0,00
13/11/2012;'tilapia';636,00;0,00;0,00
14/11/2012;'tilapia';353,00;0,00;0,00
14/11/2012;'carpe';148,00;0,00;0,00
19/11/2012;'carpe';33,00;0,00;0,00
20/11/2012;'tilapia';510,00;0,00;0,00
20/11/2012;'carpe';559,00;0,00;0,00
21/11/2012;'tilapia';357,00;0,00;0,00
21/11/2012;'carpe';91,00;0,00;0,00
26/11/2012;'carpe';150,00;0,00;0,00
27/11/2012;'tilapia';287,00;0,00;0,00
27/11/2012;'carpe';135,00;0,00;0,00
28/11/2012;'tilapia';300,00;0,00;250,00
3/12/2012;'tilapia';580,00;0,00;0,00
3/12/2012;'carpe';438,00;0,00;0,00
4/12/2012;'carpe';16,00;0,00;0,00
6/12/2012;'tilapia';337,00;0,00;0,00
6/12/2012;'carpe';356,00;0,00;0,00
10/12/2012;'carpe';169,00;0,00;0,00
12/12/2012;'tilapia';797,00;0,00;0,00
12/12/2012;'carpe';207,00;0,00;0,00
13/12/2012;'tilapia';247,00;0,00;0,00
13/12/2012;'carpe';231,00;0,00;0,00
17/12/2012;'tilapia';368,00;0,00;0,00
17/12/2012;'carpe';531,00;0,00;0,00
18/12/2012;'tilapia';318,00;0,00;0,00
18/12/2012;'carpe';493,00;0,00;0,00
26/12/2012;'tilapia';372,00;0,00;0,00
26/12/2012;'carpe';500,00;0,00;0,00
27/12/2012;'tilapia';578,00;0,00;291,00
27/12/2012;'carpe';34,00;0,00;0,00
2/1/2013;'tilapia';460,00;0,00;0,00
2/1/2013;'carpe';640,00;0,00;0,00
3/1/2013;'tilapia';950,00;0,00;0,00
3/1/2013;'carpe';335,00;0,00;0,00
7/1/2013;'carpe';150,00;0,00;0,00
8/1/2013;'tilapia';213,00;0,00;0,00
8/1/2013;'carpe';139,00;0,00;0,00
9/1/2013;'carpe';163,00;0,00;0,00
9/1/2013;'tilapia';288,00;0,00;378,00
14/1/2013;'tilapia';155,00;0,00;0,00
14/1/2013;'carpe';158,00;0,00;0,00
15/1/2013;'tilapia';629,00;0,00;0,00
15/1/2013;'carpe';795,00;0,00;0,00
16/1/2013;'tilapia';475,00;0,00;0,00
16/1/2013;'carpe';420,00;0,00;0,00
22/1/2013;'tilapia';360,00;0,00;0,00
22/1/2013;'carpe';322,00;0,00;0,00
23/1/2013;'carpe';308,00;0,00;0,00
23/1/2013;'tilapia';319,00;0,00;0,00
24/1/2013;'carpe';53,00;0,00;0,00
24/1/2013;'tilapia';577,00;0,00;0,00
28/1/2013;'carpe';200,00;0,00;0,00
29/1/2013;'tilapia';556,00;0,00;0,00
29/1/2013;'carpe';166,00;0,00;0,00
30/1/2013;'tilapia';273,00;0,00;0,00
30/1/2013;'carpe';477,00;0,00;0,00
31/1/2013;'tilapia';295,00;0,00;0,00
4/2/2013;'carpe';137,00;0,00;0,00
5/2/2013;'tilapia';714,00;0,00;0,00
5/2/2013;'carpe';389,00;0,00;0,00
6/2/2013;'tilapia';204,00;0,00;0,00
1/2/2013;'tilapia';0,00;0,00;174,00
7/2/2013;'tilapia';0,00;0,00;118,00
7/2/2013;'carpe';0,00;0,00;325,00
11/2/2013;'carpe';84,00;0,00;0,00
12/2/2013;'tilapia';432,00;0,00;0,00
12/2/2013;'carpe';335,00;0,00;0,00
13/2/2013;'tilapia';303,00;0,00;0,00
13/2/2013;'carpe';270,00;0,00;0,00
18/2/2013;'carpe';94,00;0,00;0,00
19/2/2013;'tilapia';253,00;0,00;0,00
19/2/2013;'carpe';840,00;0,00;0,00
20/2/2013;'tilapia';118,00;0,00;0,00
25/2/2013;'carpe';42,00;0,00;0,00
26/2/2013;'carpe';627,00;0,00;0,00
26/2/2013;'tilapia';228,00;0,00;0,00
28/2/2013;'carpe';198,00;0,00;0,00
1/3/2013;'carpe';33,00;0,00;171,00
4/3/2013;'carpe';95,00;0,00;0,00
6/3/2013;'tilapia';126,00;0,00;0,00
6/3/2013;'carpe';383,00;0,00;0,00
11/3/2013;'carpe';83,00;0,00;0,00
12/3/2013;'carpe';806,00;0,00;186,00
13/3/2013;'carpe';339,00;0,00;27,00
14/3/2013;'carpe';28,00;0,00;0,00
18/3/2013;'carpe';104,50;0,00;0,00
19/3/2013;'carpe';1050,00;0,00;0,00
20/3/2013;'carpe';52,00;0,00;0,00
20/3/2013;'tilapia';293,00;0,00;0,00
21/3/2013;'carpe';67,00;0,00;0,00
22/3/2013;'carpe';918,00;0,00;0,00
25/3/2013;'carpe';36,00;0,00;0,00
26/3/2013;'carpe';15,00;0,00;0,00
27/3/2013;'carpe';355,00;0,00;0,00
1/4/2013;'carpe';38,00;0,00;0,00
3/4/2013;'tilapia';200,00;0,00;0,00
3/4/2013;'carpe';273,00;0,00;0,00
8/4/2013;'carpe';3,00;0,00;0,00
9/4/2013;'carpe';3,00;0,00;0,00
9/4/2013;'tilapia';36,00;0,00;0,00
10/4/2013;'tilapia';21,00;0,00;0,00
10/4/2013;'carpe';192,00;0,00;0,00
15/4/2013;'tilapia';144,00;0,00;0,00
15/4/2013;'carpe';173,00;0,00;0,00
16/4/2013;'carpe';18,00;0,00;0,00
16/4/2013;'tilapia';0,00;0,00;75,00
17/4/2013;'tilapia';204,00;0,00;0,00
17/4/2013;'carpe';248,00;0,00;0,00
22/4/2013;'carpe';23,00;0,00;0,00
13/5/2013;'carpe';10,00;0,00;0,00
14/5/2013;'tilapia';173,00;0,00;42,00
14/5/2013;'carpe';260,00;0,00;0,00
15/5/2013;'carpe';652,00;0,00;0,00
20/5/2013;'carpe';39,00;0,00;0,00
21/5/2013;;0,00;0,00;0,00
21/5/2013;'carpe';123,00;0,00;0,00
22/5/2013;'carpe';450,00;0,00;0,00
28/5/2013;'carpe';16,00;0,00;0,00
28/5/2013;'tilapia';233,00;0,00;0,00
29/5/2013;'tilapia';0,00;0,00;267,00
29/5/2013;'carpe';410,00;0,00;0,00
5/6/2013;'carpe';278,00;0,00;0,00
10/6/2013;'carpe';32,50;0,00;0,00
11/6/2013;'carpe';12,00;0,00;0,00
11/6/2013;'tilapia';232,00;0,00;0,00
17/6/2013;'carpe';2,50;0,00;0,00
18/6/2013;'carpe';603,00;0,00;0,00
19/6/2013;'carpe';366,00;0,00;0,00
24/6/2013;'carpe';87,00;0,00;0,00
25/6/2013;'carpe';83,00;0,00;0,00
25/6/2013;'tilapia';387,00;0,00;284,00
1/7/2013;'carpe';60,00;0,00;0,00
2/7/2013;'carpe';297,00;0,00;0,00
3/7/2013;'carpe';525,00;0,00;0,00
4/7/2013;'carpe';20,00;0,00;0,00
8/7/2013;'tilapia';375,00;0,00;309,00
8/7/2013;'carpe';110,00;0,00;0,00
15/7/2013;'carpe';248,00;0,00;0,00
16/7/2013;'carpe';565,00;0,00;0,00
17/7/2013;'carpe';253,00;0,00;0,00
22/7/2013;'carpe';186,00;0,00;0,00
24/7/2013;'tilapia';410,00;0,00;214,00
24/7/2013;'carpe';73,00;0,00;10,00
29/7/2013;'carpe';171,00;0,00;0,00
30/7/2013;'carpe';260,00;0,00;0,00
31/7/2013;'tilapia';500,00;0,00;0,00
31/7/2013;'carpe';90,00;0,00;0,00
12/8/2013;'carpe';31,00;0,00;0,00
13/8/2013;'carpe';156,00;0,00;0,00
13/8/2013;'tilapia';182,00;0,00;0,00
14/8/2013;'carpe';359,00;0,00;0,00
19/8/2013;'carpe';75,00;0,00;0,00
20/8/2013;'carpe';123,00;0,00;0,00
21/8/2013;'carpe';239,00;0,00;0,00
21/8/2013;'tilapia';56,00;0,00;0,00
22/8/2013;'tilapia';187,00;0,00;0,00
22/8/2013;'carpe';249,00;0,00;0,00
26/8/2013;'carpe';24,00;0,00;0,00
27/8/2013;'carpe';17,00;0,00;0,00
28/8/2013;'tilapia';100,00;0,00;0,00
28/8/2013;'carpe';93,00;0,00;0,00
29/8/2013;;205,00;0,00;0,00
29/8/2013;'tilapia';205,00;0,00;0,00
29/8/2013;'carpe';63,00;0,00;0,00
2/9/2013;'carpe';82,00;0,00;0,00
3/9/2013;'carpe';36,00;0,00;0,00
4/9/2013;;268,00;0,00;0,00
4/9/2013;'carpe';115,00;0,00;0,00
5/9/2013;'carpe';150,00;0,00;0,00
9/9/2013;'carpe';86,00;0,00;0,00
10/9/2013;'carpe';12,00;0,00;0,00
11/9/2013;'tilapia';569,00;0,00;0,00
11/9/2013;'carpe';134,00;0,00;0,00
17/9/2013;'carpe';6,00;0,00;0,00
19/9/2013;'tilapia';561,00;0,00;0,00
19/9/2013;'carpe';53,00;0,00;0,00
16/9/2013;'carpe';170,00;0,00;0,00
23/9/2013;'tilapia';529,00;0,00;0,00
23/9/2013;'carpe';490,00;0,00;0,00
25/9/2013;'carpe';5,50;0,00;0,00
26/9/2013;'carpe';5,00;0,00;0,00
30/9/2013;'tilapia';831,00;0,00;0,00
30/9/2013;'carpe';144,00;0,00;0,00
1/10/2013;'carpe';710,00;0,00;0,00
3/10/2013;'carpe';59,00;0,00;0,00
3/10/2013;'tilapia';271,00;0,00;0,00
7/10/2013;'carpe';14,00;0,00;0,00
9/10/2013;'tilapia';216,00;0,00;0,00
9/10/2013;'carpe';325,00;0,00;0,00
10/10/2013;'tilapia';341,00;0,00;0,00
10/10/2013;'carpe';114,00;0,00;0,00
11/10/2013;'carpe';32,00;0,00;0,00
14/10/2013;'carpe';195,00;0,00;0,00
15/10/2013;'carpe';37,00;0,00;0,00
16/10/2013;'tilapia';819,00;0,00;0,00
16/10/2013;'carpe';183,00;0,00;0,00
17/10/2013;'carpe';182,00;0,00;0,00
21/10/2013;'carpe';13,00;0,00;0,00
22/10/2013;'tilapia';133,00;0,00;0,00
22/10/2013;'carpe';64,00;0,00;0,00
13/11/2013;'tilapia';430,00;0,00;0,00
20/11/2013;'tilapia';300,00;0,00;0,00
27/11/2013;'tilapia';300,00;0,00;0,00
2/12/2013;'carpe';38,00;0,00;0,00
5/12/2013;'carpe';132,00;0,00;0,00
5/12/2013;'tilapia';293,00;0,00;0,00
6/12/2013;'tilapia';302,00;0,00;0,00
9/12/2013;'carpe';306,00;0,00;0,00
11/12/2013;'tilapia';750,00;0,00;0,00
16/12/2013;'carpe';190,00;0,00;0,00
18/12/2013;;0,00;0,00;0,00
18/12/2013;'carpe';512,00;0,00;0,00
18/12/2013;'tilapia';360,00;0,00;0,00
22/12/2013;'carpe';10,00;0,00;0,00
23/12/2013;'carpe';107,00;0,00;0,00
26/12/2013;'carpe';134,00;0,00;0,00
26/12/2013;'tilapia';313,00;0,00;0,00
27/12/2013;'tilapia';301,00;0,00;0,00
30/12/2013;;0,00;0,00;0,00
2/1/2014;'carpe';270,00;0,00;0,00
2/1/2014;'tilapia';600,00;0,00;0,00
7/1/2014;'carpe';60,00;0,00;0,00
8/1/2014;'carpe';193,00;0,00;0,00
9/1/2014;'tilapia';464,00;0,00;0,00
9/1/2014;;242,00;0,00;0,00
10/1/2014;;712,00;0,00;0,00
10/1/2014;'tilapia';712,00;0,00;0,00
10/1/2014;'carpe';361,00;0,00;0,00
13/1/2014;'carpe';42,00;0,00;0,00
14/1/2014;'carpe';200,00;0,00;0,00
15/1/2014;'carpe';140,00;0,00;0,00
15/1/2014;'tilapia';281,00;0,00;0,00
16/1/2014;;265,00;0,00;0,00
16/1/2014;'carpe';9,00;0,00;0,00
20/1/2014;'carpe';95,00;0,00;0,00
22/1/2014;'tilapia';500,00;0,00;0,00
22/1/2014;'carpe';132,00;0,00;0,00
23/1/2014;'carpe';30,00;0,00;0,00
27/1/2014;'carpe';85,00;0,00;0,00
28/1/2014;'carpe';175,00;0,00;0,00
29/1/2014;'tilapia';689,00;0,00;0,00
29/1/2014;'carpe';94,00;0,00;0,00
30/1/2014;'tilapia';305,00;0,00;0,00
30/1/2014;'carpe';85,00;0,00;0,00
4/2/2014;'carpe';547,00;0,00;0,00
5/2/2014;'carpe';305,00;0,00;0,00
5/2/2014;'tilapia';322,00;0,00;0,00
6/2/2014;'tilapia';315,00;0,00;0,00
6/2/2014;'carpe';130,00;0,00;0,00
10/2/2014;'carpe';86,00;0,00;0,00
11/2/2014;'carpe';354,00;0,00;0,00
12/2/2014;'tilapia';550,00;0,00;0,00
12/2/2014;'carpe';53,00;0,00;0,00
13/2/2014;'tilapia';225,00;0,00;0,00
13/2/2014;'carpe';216,00;0,00;0,00
17/2/2014;'carpe';166,00;0,00;0,00
18/2/2014;;0,00;0,00;0,00
18/2/2014;'carpe';113,50;0,00;0,00
19/2/2014;'tilapia';483,00;0,00;0,00
19/2/2014;'carpe';88,00;0,00;0,00
20/2/2014;'tilapia';490,00;0,00;0,00
25/2/2014;'carpe';107,00;0,00;0,00
24/2/2014;'carpe';109,00;0,00;0,00
26/2/2014;'carpe';128,00;0,00;0,00
26/2/2014;'tilapia';525,00;0,00;0,00
3/3/2014;'carpe';73,00;0,00;0,00
4/3/2014;'carpe';42,00;0,00;0,00
4/3/2014;'tilapia';20,00;0,00;0,00
5/3/2014;'carpe';56,00;0,00;0,00
5/3/2014;;792,00;0,00;0,00
11/3/2014;'carpe';133,00;0,00;0,00
12/3/2014;'carpe';25,00;0,00;0,00
12/3/2014;'tilapia';440,00;0,00;0,00
13/3/2014;'carpe';207,00;0,00;0,00
13/3/2014;'tilapia';1122,00;0,00;0,00
17/3/2014;'carpe';15,00;0,00;0,00
18/3/2014;'carpe';110,00;0,00;0,00
19/3/2014;'carpe';600,00;0,00;0,00
19/3/2014;'tilapia';650,00;0,00;0,00
20/3/2014;'tilapia';406,00;0,00;0,00
20/3/2014;'carpe';107,00;0,00;0,00
24/3/2014;'carpe';18,00;0,00;0,00
25/3/2014;'carpe';155,00;0,00;0,00
26/3/2014;'carpe';318,00;0,00;0,00
26/3/2014;'tilapia';1141,00;0,00;0,00
27/3/2014;'carpe';125,00;0,00;0,00
27/3/2014;'tilapia';283,00;0,00;0,00
28/3/2014;'tilapia';664,00;0,00;0,00
31/3/2014;'carpe';30,00;0,00;0,00
1/4/2014;'carpe';36,00;0,00;0,00
2/4/2014;'carpe';117,00;0,00;0,00
2/4/2014;'tilapia';834,00;0,00;0,00
7/4/2014;'carpe';71,00;0,00;0,00
8/4/2014;'carpe';99,00;0,00;0,00
9/4/2014;'carpe';186,00;0,00;0,00
9/4/2014;'tilapia';758,00;0,00;0,00
10/4/2014;'carpe';87,00;0,00;0,00
10/4/2014;'tilapia';350,00;0,00;0,00
13/4/2014;'carpe';5,00;0,00;0,00
15/4/2014;;181,00;0,00;0,00
15/4/2014;'carpe';437,00;0,00;0,00
15/4/2014;'tilapia';1812,00;0,00;0,00
16/4/2014;'tilapia';1350,00;0,00;0,00
16/4/2014;'carpe';212,00;0,00;0,00
22/4/2014;'carpe';78,00;0,00;0,00
23/4/2014;'tilapia';909,00;0,00;0,00
23/4/2014;'carpe';257,00;0,00;0,00
24/4/2014;'carpe';156,00;0,00;0,00
24/4/2014;'tilapia';340,00;0,00;0,00
28/4/2014;'carpe';84,00;0,00;0,00
29/4/2014;'carpe';7,00;0,00;0,00
30/4/2014;'tilapia';700,00;0,00;0,00
30/4/2014;'carpe';451,00;0,00;0,00
1/5/2014;'carpe';75,00;0,00;0,00
1/5/2014;'tilapia';369,00;0,00;0,00
6/5/2014;'carpe';266,00;0,00;0,00
7/5/2014;'carpe';280,00;0,00;0,00
7/5/2014;'tilapia';433,00;0,00;0,00
8/5/2014;'carpe';75,00;0,00;0,00
8/5/2014;'tilapia';592,00;0,00;0,00
12/5/2014;'carpe';28,00;0,00;0,00
13/5/2014;'carpe';8,00;0,00;0,00
14/5/2014;'carpe';375,00;0,00;0,00
14/5/2014;'tilapia';350,00;0,00;0,00
2/6/2014;'carpe';75,00;0,00;0,00
3/6/2014;'carpe';112,00;0,00;0,00
4/6/2014;;89,00;0,00;0,00
4/6/2014;'carpe';260,00;0,00;0,00
4/6/2014;'tilapia';89,00;0,00;0,00
5/6/2014;'tilapia';85,00;0,00;0,00
5/6/2014;'carpe';86,00;0,00;0,00
9/6/2014;'carpe';200,00;0,00;0,00
16/6/2014;'carpe';305,00;0,00;0,00
23/6/2014;'carpe';146,00;0,00;0,00
24/6/2014;'carpe';467,00;0,00;0,00
30/6/2014;'carpe';148,00;0,00;0,00
1/7/2014;'carpe';181,00;0,00;0,00
7/7/2014;'carpe';386,00;0,00;0,00
8/7/2014;'carpe';327,00;0,00;0,00
14/7/2014;'carpe';429,00;0,00;0,00
15/7/2014;'carpe';43,00;0,00;0,00
22/7/2014;'carpe';325,00;0,00;0,00
28/7/2014;'carpe';314,00;0,00;0,00
29/7/2014;'carpe';175,00;0,00;0,00
30/7/2014;'carpe';114,00;0,00;0,00
5/8/2014;'carpe';325,00;0,00;0,00
6/8/2014;'carpe';157,00;0,00;0,00
12/8/2014;'carpe';15,00;0,00;0,00
13/8/2014;'carpe';75,00;0,00;0,00
18/8/2014;'carpe';382,00;0,00;0,00
19/8/2014;'carpe';75,00;0,00;0,00
20/8/2014;'carpe';240,00;0,00;0,00
20/8/2014;'tilapia';210,00;0,00;0,00
26/8/2014;'carpe';286,00;0,00;0,00
27/8/2014;'carpe';16,00;0,00;0,00
28/8/2014;'carpe';684,00;0,00;0,00
28/8/2014;'tilapia';225,00;0,00;0,00
1/9/2014;'carpe';103,00;0,00;0,00
2/9/2014;'tilapia';506,00;0,00;0,00
2/9/2014;'carpe';587,00;0,00;0,00
9/9/2014;'tilapia';724,00;0,00;0,00
9/9/2014;'carpe';428,00;0,00;0,00
10/9/2014;'carpe';218,00;0,00;0,00
10/9/2014;'tilapia';222,00;0,00;0,00
16/9/2014;'carpe';251,00;0,00;0,00
17/9/2014;'tilapia';634,00;0,00;0,00
17/9/2014;'carpe';440,00;0,00;0,00
19/9/2014;'tilapia';375,00;0,00;0,00
22/9/2014;'tilapia';750,00;0,00;0,00
22/9/2014;'carpe';457,00;0,00;0,00
23/9/2014;'carpe';174,00;0,00;0,00
23/9/2014;'tilapia';624,00;0,00;0,00
29/9/2014;'carpe';252,00;0,00;0,00
29/9/2014;'tilapia';354,00;0,00;0,00
30/9/2014;'carpe';390,00;0,00;0,00
30/9/2014;'tilapia';437,00;0,00;0,00
1/10/2014;;284,00;0,00;0,00
1/10/2014;'carpe';18,00;0,00;0,00
6/10/2014;'carpe';409,00;0,00;0,00
6/10/2014;'tilapia';423,00;0,00;0,00
13/10/2014;'carpe';138,00;0,00;0,00
13/10/2014;'tilapia';400,00;0,00;0,00
7/10/2014;'tilapia';448,00;0,00;0,00
7/10/2014;;236,00;0,00;0,00
7/10/2014;'carpe';236,00;0,00;0,00
8/10/2014;'tilapia';441,00;0,00;0,00
14/10/2014;'tilapia';470,00;0,00;0,00
14/10/2014;'carpe';231,00;0,00;0,00
15/10/2014;'tilapia';210,00;0,00;0,00
20/10/2014;'carpe';219,00;0,00;0,00
20/10/2014;'tilapia';325,00;0,00;0,00
21/10/2014;'carpe';37,00;0,00;0,00
21/10/2014;'tilapia';361,00;0,00;0,00
22/10/2014;'carpe';303,00;0,00;0,00
22/10/2014;'tilapia';178,00;0,00;0,00
28/10/2014;;114,00;0,00;0,00
28/10/2014;'carpe';121,00;0,00;0,00
29/10/2014;'tilapia';91,00;0,00;0,00
29/10/2014;'carpe';107,00;0,00;0,00
3/11/2014;'tilapia';148,00;0,00;0,00
3/11/2014;'carpe';39,00;0,00;0,00
4/11/2014;'carpe';35,00;0,00;0,00
5/11/2014;'carpe';111,00;0,00;0,00
5/11/2014;'tilapia';113,00;0,00;0,00
11/11/2014;'carpe';241,00;0,00;0,00
12/11/2014;'carpe';130,00;0,00;0,00
12/11/2014;'tilapia';93,00;0,00;0,00
13/11/2014;'tilapia';206,00;0,00;0,00
13/11/2014;'carpe';201,00;0,00;0,00
17/11/2014;'carpe';60,00;0,00;0,00
18/11/2014;'carpe';75,00;0,00;0,00
24/11/2014;'carpe';102,00;0,00;0,00
25/11/2014;'carpe';127,00;0,00;0,00
25/11/2014;'tilapia';252,00;0,00;0,00
3/12/2014;'carpe';75,00;0,00;0,00
3/12/2014;'tilapia';463,00;0,00;0,00
2/12/2014;'carpe';13,00;0,00;0,00
9/12/2014;'tilapia';365,00;0,00;0,00
9/12/2014;'carpe';77,00;0,00;0,00
8/12/2014;'carpe';97,00;0,00;0,00
15/12/2014;'carpe';24,00;0,00;0,00
16/12/2014;'carpe';61,00;0,00;0,00
16/12/2014;'tilapia';173,00;0,00;0,00
17/12/2014;'carpe';99,00;0,00;0,00
17/12/2014;'tilapia';344,00;0,00;0,00
21/12/2014;'carpe';230,00;0,00;0,00
21/12/2014;'tilapia';245,00;0,00;0,00
28/12/2014;'carpe';121,00;0,00;0,00
28/12/2014;'tilapia';423,00;0,00;0,00
29/12/2014;'carpe';120,00;0,00;0,00
6/1/2015;'carpe';38,00;0,00;0,00
7/1/2015;'tilapia';1006,00;0,00;0,00
7/1/2015;'carpe';275,00;0,00;0,00
8/1/2015;'carpe';73,00;0,00;0,00
8/1/2015;'tilapia';300,00;0,00;0,00
12/1/2015;'carpe';82,00;0,00;0,00
13/1/2015;'tilapia';216,00;0,00;0,00
13/1/2015;'carpe';100,00;0,00;0,00
14/1/2015;'tilapia';517,00;0,00;0,00
14/1/2015;'carpe';41,00;0,00;0,00
19/1/2015;'tilapia';500,00;0,00;0,00
19/1/2015;'carpe';184,00;0,00;0,00
20/1/2015;'carpe';13,00;0,00;0,00
22/1/2015;'carpe';109,00;0,00;0,00
22/1/2015;'tilapia';672,00;0,00;0,00
27/1/2015;'carpe';133,00;0,00;0,00
28/1/2015;'carpe';90,00;0,00;0,00
29/1/2015;'carpe';368,00;0,00;0,00
30/1/2015;'tilapia';884,00;0,00;0,00
30/1/2015;'carpe';21,00;0,00;0,00
2/2/2015;'carpe';229,00;0,00;0,00
3/2/2015;'tilapia';106,00;0,00;0,00
3/2/2015;'carpe';50,00;0,00;0,00
4/2/2015;'tilapia';941,00;0,00;0,00
4/2/2015;'carpe';257,00;0,00;0,00
9/2/2015;'carpe';156,00;0,00;0,00
10/2/2015;'carpe';166,00;0,00;0,00
11/2/2015;'carpe';112,00;0,00;0,00
11/2/2015;'tilapia';1175,00;0,00;0,00
16/2/2015;'carpe';38,00;0,00;0,00
17/2/2015;'carpe';23,00;0,00;0,00
18/2/2015;'carpe';502,00;0,00;0,00
18/2/2015;'tilapia';1150,00;0,00;0,00
24/2/2015;'carpe';340,00;0,00;0,00
24/2/2015;'tilapia';746,00;0,00;0,00
25/2/2015;;512,00;0,00;0,00
25/2/2015;'carpe';122,00;0,00;0,00
3/3/2015;'carpe';242,00;0,00;0,00
4/3/2015;'tilapia';1075,00;0,00;0,00
4/3/2015;'carpe';73,00;0,00;0,00
2/3/2015;'tilapia';450,00;0,00;0,00
2/3/2015;'carpe';25,00;0,00;0,00
5/3/2015;'carpe';98,00;0,00;0,00
9/3/2015;'carpe';53,00;0,00;0,00
9/3/2015;'tilapia';678,00;0,00;0,00
10/3/2015;'carpe';135,00;0,00;0,00
11/3/2015;'tilapia';975,00;0,00;0,00
11/3/2015;'carpe';357,00;0,00;0,00
16/3/2015;'carpe';91,00;0,00;0,00
16/3/2015;'tilapia';1008,00;0,00;0,00
17/3/2015;'carpe';44,00;0,00;0,00
18/3/2015;'tilapia';436,00;0,00;0,00
18/3/2015;'carpe';304,00;0,00;0,00
23/3/2015;'carpe';50,00;0,00;0,00
23/3/2015;'tilapia';558,00;0,00;0,00
25/3/2015;'tilapia';592,00;0,00;0,00
25/3/2015;'carpe';91,00;0,00;0,00
26/3/2015;'carpe';167,00;0,00;0,00
26/3/2015;;0,00;0,00;0,00
26/3/2015;'tilapia';962,00;0,00;0,00
1/4/2015;'carpe';29,00;0,00;0,00
31/3/2015;'tilapia';712,00;0,00;0,00
31/3/2015;'carpe';43,00;0,00;0,00
30/3/2015;'carpe';187,00;0,00;0,00
30/3/2015;'tilapia';686,00;0,00;0,00
6/4/2015;'carpe';50,00;0,00;0,00
13/4/2015;'carpe';21,50;0,00;0,00
15/4/2015;'carpe';221,00;0,00;0,00
15/4/2015;'tilapia';661,00;0,00;0,00
14/4/2015;'carpe';56,00;0,00;0,00
20/4/2015;'carpe';214,00;0,00;0,00
21/4/2015;'carpe';175,00;0,00;0,00
21/4/2015;'tilapia';675,00;0,00;0,00
22/4/2015;'carpe';121,00;0,00;0,00
27/4/2015;'carpe';162,00;0,00;0,00
28/4/2015;'carpe';38,00;0,00;0,00
28/4/2015;'tilapia';770,00;0,00;0,00
29/4/2015;'tilapia';604,00;0,00;0,00
29/4/2015;'carpe';53,00;0,00;0,00
5/5/2015;'carpe';63,00;0,00;0,00
7/5/2015;;0,00;0,00;0,00
7/5/2015;'carpe';490,00;0,00;0,00
6/5/2015;'tilapia';750,00;0,00;0,00
6/5/2015;'carpe';105,00;0,00;0,00
7/5/2015;'tilapia';1191,00;0,00;0,00
25/5/2015;'carpe';86,00;0,00;0,00
26/5/2015;'tilapia';872,00;0,00;0,00
26/5/2015;'carpe';70,00;0,00;0,00
27/5/2015;'tilapia';653,00;0,00;0,00
28/5/2015;'tilapia';692,00;0,00;0,00
28/5/2015;'carpe';22,00;0,00;0,00
1/6/2015;;0,00;0,00;0,00
1/6/2015;'carpe';0,00;0,00;0,00
2/6/2015;'tilapia';925,00;0,00;0,00
2/6/2015;'carpe';333,00;0,00;0,00
3/6/2015;'tilapia';221,00;0,00;0,00
3/6/2015;'carpe';12,00;0,00;0,00
8/6/2015;'carpe';3,00;0,00;0,00
9/6/2015;'carpe';29,00;0,00;0,00
9/6/2015;'tilapia';675,00;0,00;0,00
10/6/2015;'carpe';110,00;0,00;0,00
10/6/2015;'tilapia';852,00;0,00;0,00
15/6/2015;'carpe';113,00;0,00;0,00
16/6/2015;'carpe';35,00;0,00;0,00
16/6/2015;'tilapia';413,00;0,00;0,00
17/6/2015;'tilapia';507,00;0,00;0,00
18/6/2015;'tilapia';883,00;0,00;0,00
22/6/2015;'carpe';57,00;0,00;0,00
23/6/2015;'tilapia';1000,00;0,00;0,00
23/6/2015;'carpe';109,00;0,00;0,00
29/6/2015;'carpe';37,00;0,00;0,00
29/6/2015;'tilapia';867,00;0,00;0,00
30/6/2015;'carpe';25,00;0,00;0,00
1/7/2015;'tilapia';480,00;0,00;0,00
2/7/2015;'tilapia';542,00;0,00;0,00
6/7/2015;'carpe';29,00;0,00;0,00
7/7/2015;'tilapia';712,00;0,00;0,00
8/7/2015;'carpe';120,00;0,00;0,00
8/7/2015;'tilapia';844,00;0,00;0,00
7/7/2015;'carpe';7,00;0,00;0,00
13/7/2015;'carpe';20,00;0,00;0,00
14/7/2015;'tilapia';1090,00;0,00;0,00
14/7/2015;'carpe';239,00;0,00;0,00
20/7/2015;'carpe';89,00;0,00;0,00
21/7/2015;'carpe';25,00;0,00;0,00
21/7/2015;'tilapia';609,00;0,00;0,00
22/7/2015;'carpe';112,00;0,00;0,00
28/7/2015;'carpe';60,00;0,00;0,00
27/7/2015;'carpe';91,00;0,00;0,00
3/8/2015;'carpe';95,00;0,00;0,00
4/8/2015;'carpe';100,00;0,00;0,00
11/8/2015;'carpe';50,00;0,00;0,00
10/8/2015;'carpe';14,00;0,00;0,00
12/8/2015;'carpe';112,00;0,00;0,00
18/8/2015;'carpe';72,00;0,00;0,00
17/8/2015;'carpe';21,00;0,00;0,00
19/8/2015;'carpe';50,00;0,00;0,00
24/8/2015;'carpe';125,00;0,00;0,00
25/8/2015;'carpe';166,00;0,00;0,00
26/8/2015;'carpe';149,00;0,00;0,00
31/8/2015;'carpe';221,00;0,00;0,00
1/9/2015;'carpe';221,00;0,00;0,00
7/9/2015;'carpe';54,00;0,00;0,00
8/9/2015;'carpe';75,00;0,00;0,00
9/9/2015;'carpe';118,00;0,00;0,00
14/9/2015;'carpe';97,00;0,00;0,00
15/9/2015;'carpe';3,00;0,00;0,00
22/9/2015;'carpe';7,00;0,00;0,00
23/9/2015;'carpe';83,00;0,00;0,00
28/9/2015;'carpe';65,00;0,00;0,00
29/9/2015;'carpe';146,00;0,00;0,00
30/9/2015;'carpe';83,00;0,00;0,00
5/10/2015;'carpe';49,00;0,00;0,00
6/10/2015;;28,00;0,00;0,00
7/10/2015;'carpe';149,00;0,00;0,00
6/10/2015;'carpe';38,00;0,00;0,00
12/10/2015;'carpe';154,00;0,00;0,00
14/10/2015;'carpe';67,00;0,00;0,00
13/10/2015;'carpe';142,00;0,00;0,00
21/9/2015;'carpe';34,00;0,00;0,00
19/10/2015;'carpe';40,00;0,00;0,00
20/10/2015;'carpe';67,00;0,00;0,00
21/10/2015;'carpe';33,00;0,00;0,00
26/10/2015;'carpe';151,00;0,00;0,00
27/10/2015;'carpe';20,00;0,00;0,00
2/11/2015;'carpe';272,00;0,00;0,00
9/11/2015;'carpe';248,00;0,00;0,00
10/11/2015;'carpe';381,00;0,00;0,00
11/11/2015;'tilapia';762,00;0,00;0,00
11/11/2015;'carpe';100,00;0,00;0,00
12/11/2015;;900,00;0,00;0,00
16/11/2015;'carpe';35,00;0,00;0,00
18/11/2015;'tilapia';1100,00;0,00;0,00
18/11/2015;'carpe';339,00;0,00;0,00
17/11/2015;'carpe';248,00;0,00;0,00
19/11/2015;'carpe';33,00;0,00;0,00
19/11/2015;'tilapia';350,00;0,00;0,00
20/11/2015;'tilapia';368,00;0,00;0,00
23/11/2015;'carpe';153,00;0,00;0,00
24/11/2015;'carpe';10,00;0,00;0,00
25/11/2015;'carpe';525,00;0,00;0,00
25/11/2015;'tilapia';595,00;0,00;0,00
26/11/2015;'tilapia';21,00;0,00;0,00
27/11/2015;'tilapia';86,00;0,00;0,00
26/11/2015;'carpe';56,00;0,00;0,00
27/11/2015;'carpe';69,00;0,00;0,00
30/11/2015;'carpe';200,00;0,00;0,00
1/12/2015;;0,00;0,00;0,00
2/12/2015;'tilapia';945,00;0,00;0,00
2/12/2015;'carpe';264,00;0,00;0,00
3/12/2015;'tilapia';204,00;0,00;0,00
3/12/2015;'carpe';75,00;0,00;0,00
1/12/2015;'carpe';17,00;0,00;0,00
7/12/2015;'carpe';53,00;0,00;0,00
8/12/2015;'carpe';103,00;0,00;0,00
9/12/2015;'tilapia';73,00;0,00;0,00
9/12/2015;'carpe';75,00;0,00;0,00
15/12/2015;'carpe';203,00;0,00;0,00
16/12/2015;'carpe';326,00;0,00;0,00
21/12/2015;'carpe';11,50;0,00;0,00
17/12/2015;'carpe';17,00;0,00;0,00
22/12/2015;'carpe';84,00;0,00;0,00
28/12/2015;'carpe';274,00;0,00;0,00
5/1/2016;'carpe';129,00;0,00;0,00
6/1/2016;'carpe';358,00;0,00;0,00
12/1/2016;'carpe';331,00;0,00;0,00
11/1/2016;'carpe';52,00;0,00;0,00
18/1/2016;'carpe';281,00;0,00;0,00
27/1/2016;'carpe';133,00;0,00;0,00
26/1/2016;'carpe';303,00;0,00;0,00
1/2/2016;'carpe';240,00;0,00;0,00
28/1/2016;'carpe';24,00;0,00;0,00
8/2/2016;'carpe';32,50;0,00;0,00
9/2/2016;;119,00;0,00;0,00
15/2/2016;'carpe';180,00;0,00;0,00
16/2/2016;'carpe';301,00;0,00;0,00
17/2/2016;'carpe';45,00;0,00;0,00
22/2/2015;'carpe';118,00;0,00;0,00
22/2/2016;'carpe';118,00;0,00;0,00
23/2/2016;'carpe';680,00;0,00;0,00
24/2/2016;'carpe';22,00;0,00;0,00
7/3/2016;'carpe';269,00;0,00;0,00
9/3/2016;'carpe';156,00;0,00;0,00
14/3/2016;'carpe';274,00;0,00;0,00
15/3/2016;'carpe';104,00;0,00;0,00
16/3/2016;'carpe';118,00;0,00;0,00
20/3/2016;'carpe';300,00;0,00;0,00
22/3/2016;'carpe';28,00;0,00;0,00
22/3/2016;;0,00;0,00;0,00
22/3/2016;'tilapia';975,00;0,00;0,00
21/3/2016;'tilapia';806,00;0,00;0,00
23/3/2016;'carpe';164,00;0,00;0,00
28/3/2016;'carpe';352,00;0,00;0,00
4/4/2016;'carpe';218,00;0,00;0,00
5/4/2016;'carpe';41,00;0,00;0,00
5/4/2016;'tilapia';355,00;0,00;0,00
6/4/2016;'carpe';5,00;0,00;0,00
11/4/2016;'carpe';325,00;0,00;0,00
13/4/2016;'carpe';184,00;0,00;0,00
13/4/2016;'tilapia';500,00;0,00;0,00
18/4/2016;'carpe';16,00;0,00;0,00
19/4/2016;'tilapia';214,00;0,00;0,00
19/4/2016;'carpe';88,00;0,00;0,00
20/4/2016;'tilapia';384,00;0,00;0,00
20/4/2016;'carpe';52,00;0,00;0,00
25/4/2016;;0,00;0,00;0,00
25/4/2016;'carpe';114,00;0,00;0,00
26/4/2016;'carpe';262,00;0,00;0,00
26/4/2016;'tilapia';126,00;0,00;0,00
27/4/2016;'carpe';57,00;0,00;0,00
27/4/2016;'tilapia';119,00;0,00;0,00
3/5/2016;'carpe';322,00;0,00;0,00
4/5/2016;'carpe';144,00;0,00;0,00
5/5/2016;'carpe';47,00;0,00;0,00
5/5/2016;'tilapia';131,00;0,00;0,00
9/5/2016;;480,00;0,00;0,00
10/5/2016;'carpe';204,00;0,00;0,00
9/5/2016;'carpe';480,00;0,00;0,00
10/5/2016;'tilapia';334,00;0,00;0,00
11/5/2016;;250,00;0,00;0,00
11/5/2016;'tilapia';53,00;0,00;0,00
30/5/2016;'carpe';62,00;0,00;0,00
31/5/2016;'carpe';225,00;0,00;0,00
6/6/2016;'carpe';130,00;0,00;0,00
3/6/2016;'carpe';17,00;0,00;0,00
1/6/2016;;0,00;0,00;0,00
1/6/2016;'carpe';145,00;0,00;0,00
7/6/2016;'carpe';415,00;0,00;0,00
8/6/2016;'carpe';13,00;0,00;0,00
13/6/2016;'carpe';40,00;0,00;0,00
15/6/2016;'carpe';243,00;0,00;0,00
20/6/2016;'carpe';143,00;0,00;0,00
22/6/2016;;118,00;0,00;0,00
22/6/2016;'carpe';118,00;0,00;0,00
23/6/2016;'carpe';7,00;0,00;0,00
23/6/2016;'tilapia';59,00;0,00;0,00
27/6/2016;'carpe';504,00;0,00;0,00
4/7/2016;'carpe';355,00;0,00;0,00
5/7/2016;'carpe';350,00;0,00;0,00
28/6/2016;'carpe';8,00;0,00;0,00
6/7/2016;'carpe';105,00;0,00;0,00
11/7/2016;'carpe';240,00;0,00;0,00
12/7/2016;'carpe';309,00;0,00;0,00
18/7/2016;'carpe';284,00;0,00;0,00
19/7/2016;'carpe';51,00;0,00;0,00
20/7/2016;'carpe';142,00;0,00;0,00
25/7/2016;'carpe';162,00;0,00;0,00
26/7/2016;'carpe';97,00;0,00;0,00
1/8/2016;'carpe';300,00;0,00;0,00
2/8/2016;'carpe';147,00;0,00;0,00
9/8/2016;'carpe';62,00;0,00;0,00
8/8/2016;'carpe';41,00;0,00;0,00
17/8/2016;'carpe';33,00;0,00;0,00
18/8/2016;'carpe';50,00;0,00;0,00
22/8/2016;'carpe';78,00;0,00;0,00
23/8/2016;'carpe';514,00;0,00;0,00
24/8/2016;'carpe';58,00;0,00;0,00
30/8/2016;'carpe';101,00;0,00;0,00
31/8/2016;'carpe';97,00;0,00;0,00
1/9/2016;'carpe';437,00;0,00;0,00
5/9/2016;'carpe';29,00;0,00;0,00
12/9/2016;'carpe';110,00;0,00;0,00
14/9/2016;'carpe';34,00;0,00;0,00
19/9/2016;'carpe';515,00;0,00;0,00
26/9/2016;'carpe';10,00;0,00;0,00
21/9/2016;'carpe';72,00;0,00;0,00
28/9/2016;'carpe';290,00;0,00;0,00
5/10/2016;'carpe';10,00;0,00;0,00
12/10/2016;'tilapia';181,00;0,00;0,00
12/10/2016;'carpe';423,00;0,00;0,00
18/10/2016;'carpe';470,00;0,00;0,00
19/10/2016;'carpe';168,00;0,00;0,00
19/10/2016;'tilapia';82,00;0,00;0,00
17/10/2016;'carpe';43,00;0,00;0,00
25/10/2016;'carpe';504,00;0,00;0,00
26/10/2016;;142,00;0,00;0,00
26/10/2016;'carpe';142,00;0,00;0,00
1/11/2016;;475,00;0,00;0,00
1/11/2016;'tilapia';100,00;0,00;0,00
2/11/2016;'carpe';159,00;0,00;0,00
2/11/2016;'tilapia';12,00;0,00;0,00
7/11/2016;'carpe';365,00;0,00;0,00
8/11/2016;'tilapia';377,00;0,00;0,00
8/11/2016;'carpe';31,00;0,00;0,00
22/11/2016;'carpe';49,00;0,00;0,00
23/11/2016;;223,00;0,00;0,00
23/11/2016;'tilapia';179,00;0,00;0,00
23/11/2016;'carpe';223,00;0,00;0,00
28/11/2016;'carpe';43,00;0,00;0,00
29/11/2016;'carpe';332,00;0,00;0,00
30/11/2016;'tilapia';232,00;0,00;0,00
30/11/2016;'carpe';200,00;0,00;0,00
5/12/2016;'carpe';135,00;0,00;0,00
6/12/2016;'carpe';12,00;0,00;0,00
6/12/2016;'tilapia';79,00;0,00;0,00
7/12/2016;'carpe';259,00;0,00;0,00
7/12/2016;'tilapia';212,00;0,00;0,00
8/12/2016;'tilapia';145,00;0,00;0,00
8/12/2016;'carpe';165,00;0,00;0,00
12/12/2016;;291,00;0,00;0,00
12/12/2016;'carpe';291,00;0,00;0,00
13/12/2016;'carpe';280,00;0,00;0,00
19/12/2016;'carpe';175,00;0,00;0,00
20/12/2016;'carpe';89,00;0,00;0,00
15/12/2016;'tilapia';645,00;0,00;0,00
21/12/2016;'carpe';425,00;0,00;0,00
21/12/2016;'tilapia';317,00;0,00;0,00
26/12/2016;'carpe';0,00;0,00;0,00
26/12/2016;'carpe';342,00;0,00;0,00
27/12/2016;'carpe';10,00;0,00;0,00
29/12/2016;'tilapia';187,00;0,00;0,00
29/12/2016;'carpe';120,00;0,00;0,00
2/1/2017;'carpe';370,00;0,00;0,00
3/1/2017;'carpe';14,00;0,00;0,00
10/1/2017;'carpe';127,00;0,00;0,00
5/1/2017;'tilapia';120,00;0,00;0,00
5/1/2017;'carpe';445,00;0,00;0,00
11/1/2017;'carpe';41,00;0,00;0,00
12/1/2017;'tilapia';203,00;0,00;0,00
12/1/2017;'carpe';320,00;0,00;0,00
16/1/2017;'carpe';358,00;0,00;0,00
17/1/2017;'carpe';12,00;0,00;0,00
18/1/2017;'carpe';37,00;0,00;0,00
24/1/2017;'carpe';37,00;0,00;0,00
23/1/2017;'carpe';12,00;0,00;0,00
25/1/2017;'carpe';262,00;0,00;0,00
1/2/2017;'carpe';325,00;0,00;0,00
31/1/2017;'carpe';356,00;0,00;0,00
6/2/2017;'carpe';225,00;0,00;0,00
7/2/2017;'carpe';413,00;0,00;0,00
8/2/2017;'carpe';224,00;0,00;0,00
13/2/2017;;348,00;0,00;0,00
14/2/2017;'carpe';423,00;0,00;0,00
15/2/2017;'carpe';55,00;0,00;0,00
16/2/2017;'carpe';8,50;0,00;0,00
21/2/2017;'carpe';537,00;0,00;0,00
20/2/2017;'carpe';309,00;0,00;0,00
22/2/2017;'carpe';286,00;0,00;0,00
28/2/2017;'carpe';428,00;0,00;0,00
1/3/2017;'carpe';325,00;0,00;0,00
2/3/2017;'carpe';178,00;0,00;0,00
2/3/2017;'tilapia';813,00;0,00;0,00
6/3/2017;'carpe';410,00;0,00;0,00
7/3/2017;'carpe';139,00;0,00;0,00
8/3/2017;'carpe';142,00;0,00;0,00
13/3/2017;'carpe';20,00;0,00;0,00
14/3/2017;'carpe';95,00;0,00;0,00
15/3/2017;;134,00;0,00;0,00
9/3/2017;'tilapia';345,00;0,00;0,00
9/3/2017;'carpe';46,00;0,00;0,00
20/3/2017;'carpe';81,00;0,00;0,00
21/3/2017;'carpe';134,00;0,00;0,00
22/3/2017;'carpe';228,00;0,00;0,00
23/3/2017;;438,00;0,00;0,00
23/3/2017;'tilapia';438,00;0,00;0,00
23/3/2017;;0,00;0,00;0,00
23/3/2017;'carpe';92,00;0,00;0,00
27/3/2017;'carpe';32,00;0,00;0,00
28/3/2017;'carpe';262,00;0,00;0,00
29/3/2017;'carpe';103,00;0,00;0,00
30/3/2017;'tilapia';285,00;0,00;0,00
30/3/2017;'carpe';15,00;0,00;0,00
3/4/2017;'carpe';50,00;0,00;0,00
4/4/2017;'carpe';350,00;0,00;0,00
4/4/2017;'tilapia';456,00;0,00;0,00
5/4/2017;'carpe';144,00;0,00;0,00
6/4/2017;'carpe';32,00;0,00;0,00
6/4/2017;'tilapia';490,00;0,00;0,00
11/4/2017;'carpe';269,00;0,00;0,00
10/4/2017;'carpe';40,00;0,00;0,00
18/4/2017;'carpe';140,00;0,00;0,00
19/4/2017;'carpe';230,00;0,00;0,00
24/4/2017;'carpe';61,00;0,00;0,00
25/4/2017;'carpe';275,00;0,00;0,00
25/4/2017;'tilapia';297,00;0,00;0,00
26/4/2017;'carpe';130,00;0,00;0,00
15/5/2017;'carpe';168,00;0,00;0,00
16/5/2017;'carpe';140,00;0,00;0,00
17/5/2017;'carpe';135,00;0,00;0,00
18/5/2017;;759,00;0,00;0,00
18/5/2017;'carpe';275,00;0,00;0,00
22/5/2017;'carpe';13,00;0,00;0,00
24/5/2017;'carpe';50,00;0,00;0,00
23/5/2017;'carpe';4,00;0,00;0,00
25/5/2017;'tilapia';545,00;0,00;0,00
25/5/2017;'carpe';159,00;0,00;0,00
29/5/2017;'carpe';184,00;0,00;0,00
29/5/2017;'tilapia';724,00;0,00;0,00
30/5/2017;'carpe';59,00;0,00;0,00
1/6/2017;'carpe';223,00;0,00;0,00
1/6/2017;'tilapia';475,00;0,00;0,00
6/6/2017;'carpe';121,00;0,00;0,00
6/6/2017;'tilapia';356,00;0,00;0,00
7/6/2017;'carpe';118,00;0,00;0,00
7/6/2017;'tilapia';375,00;0,00;0,00
5/6/2017;'carpe';62,00;0,00;0,00
12/6/2017;'carpe';383,00;0,00;0,00
12/6/2017;'tilapia';500,00;0,00;0,00
13/6/2017;'carpe';9,00;0,00;0,00
14/6/2017;'carpe';205,00;0,00;0,00
15/6/2017;'tilapia';733,00;0,00;0,00
15/6/2017;'carpe';312,00;0,00;0,00
19/6/2017;'carpe';136,00;0,00;0,00
19/6/2017;'tilapia';192,00;0,00;0,00
20/6/2017;'tilapia';711,00;0,00;0,00
20/6/2017;'carpe';160,00;0,00;0,00
22/6/2017;'carpe';146,00;0,00;0,00
22/6/2017;'tilapia';308,00;0,00;0,00
21/6/2017;'carpe';163,00;0,00;0,00
26/6/2017;;93,00;0,00;0,00
26/6/2017;'carpe';93,00;0,00;0,00
26/6/2017;'tilapia';611,00;0,00;0,00
27/6/2017;'carpe';325,00;0,00;0,00
28/6/2017;'carpe';202,00;0,00;0,00
28/6/2017;'tilapia';320,00;0,00;0,00
29/6/2017;'carpe';36,00;0,00;0,00
29/6/2017;'tilapia';239,00;0,00;0,00
4/7/2017;'carpe';361,00;0,00;0,00
6/7/2017;'carpe';378,00;0,00;0,00
5/7/2017;'carpe';59,00;0,00;0,00
11/7/2017;'carpe';197,00;0,00;0,00
13/7/2017;'carpe';93,00;0,00;0,00
13/7/2017;'tilapia';198,00;0,00;0,00
12/7/2017;'carpe';214,00;0,00;0,00
17/7/2017;'carpe';20,00;0,00;0,00
18/7/2017;'carpe';63,00;0,00;0,00
20/7/2017;'carpe';308,00;0,00;0,00
20/7/2017;'tilapia';469,00;0,00;0,00
19/7/2017;'carpe';44,00;0,00;0,00
25/7/2017;'carpe';145,00;0,00;0,00
27/7/2017;'carpe';57,00;0,00;0,00
27/7/2017;'tilapia';300,00;0,00;0,00
26/7/2017;'carpe';55,00;0,00;0,00
24/7/2017;'tilapia';1074,00;0,00;0,00
24/7/2017;'carpe';315,00;0,00;0,00
1/8/2017;'tilapia';1105,00;0,00;0,00
1/8/2017;'carpe';41,00;0,00;0,00
2/8/2017;'carpe';217,00;0,00;0,00
9/8/2017;'carpe';57,00;0,00;0,00
8/8/2017;'tilapia';325,00;0,00;0,00
7/8/2017;'tilapia';1170,00;0,00;0,00
8/8/2017;'carpe';280,00;0,00;0,00
14/8/2017;'carpe';94,00;0,00;0,00
14/8/2017;'tilapia';970,00;0,00;0,00
21/8/2017;'tilapia';825,00;0,00;0,00
21/8/2017;'carpe';97,00;0,00;0,00
22/8/2017;;0,00;0,00;0,00
22/8/2017;;510,00;0,00;0,00
22/8/2017;'carpe';164,00;0,00;0,00
23/8/2017;'tilapia';278,00;0,00;0,00
23/8/2017;'carpe';219,00;0,00;0,00
16/8/2017;'carpe';78,00;0,00;0,00
28/8/2017;'carpe';426,00;0,00;0,00
28/8/2017;;106,00;0,00;0,00
29/8/2017;'carpe';39,00;0,00;0,00
31/8/2017;'tilapia';655,00;0,00;0,00
31/8/2017;'carpe';31,00;0,00;0,00
4/9/2017;'carpe';7,00;0,00;0,00
4/9/2017;'tilapia';561,00;0,00;0,00
5/9/2017;'carpe';94,00;0,00;0,00
11/9/2017;'tilapia';975,00;0,00;0,00
11/9/2017;'carpe';41,00;0,00;0,00
14/9/2017;'tilapia';489,00;0,00;0,00
14/9/2017;'carpe';25,00;0,00;0,00
18/9/2017;'carpe';350,00;0,00;0,00
18/9/2017;;673,00;0,00;0,00
13/9/2017;'carpe';29,00;0,00;0,00
19/9/2017;'carpe';44,00;0,00;0,00
25/9/2017;'carpe';118,00;0,00;0,00
25/9/2017;'tilapia';397,00;0,00;0,00
26/9/2017;'carpe';354,00;0,00;0,00
26/9/2017;'tilapia';210,00;0,00;0,00
2/10/2017;'carpe';264,00;0,00;0,00
4/10/2017;'carpe';37,00;0,00;0,00
3/10/2017;'carpe';100,00;0,00;0,00
10/10/2017;'carpe';269,00;0,00;0,00
11/10/2017;'carpe';113,00;0,00;0,00
16/10/2017;'tilapia';592,00;0,00;0,00
16/10/2017;'carpe';305,00;0,00;0,00
17/10/2017;'carpe';224,00;0,00;0,00
23/10/2017;'carpe';287,00;0,00;0,00
24/10/2017;'carpe';98,00;0,00;0,00
24/10/2017;'tilapia';348,00;0,00;0,00
25/10/2017;'tilapia';150,00;0,00;0,00
25/10/2017;'carpe';180,00;0,00;0,00
31/10/2017;'carpe';40,00;0,00;0,00
30/10/2017;'carpe';24,00;0,00;0,00
7/11/2017;'tilapia';279,00;0,00;0,00
7/11/2017;'carpe';232,00;0,00;0,00
8/11/2017;'carpe';90,00;0,00;0,00
9/11/2017;'tilapia';175,00;0,00;0,00
9/11/2017;'carpe';14,00;0,00;0,00
13/11/2017;'carpe';90,00;0,00;0,00
14/11/2017;'carpe';221,00;0,00;0,00
16/11/2017;'tilapia';117,00;0,00;0,00
16/11/2017;'carpe';62,00;0,00;0,00
15/11/2017;'carpe';139,00;0,00;0,00
15/11/2017;'tilapia';453,00;0,00;0,00
21/11/2017;'carpe';90,00;0,00;0,00
22/11/2017;'carpe';4,00;0,00;0,00
20/11/2017;'carpe';65,00;0,00;0,00
27/11/2017;'carpe';206,00;0,00;0,00
4/12/2017;'carpe';204,00;0,00;0,00
5/12/2017;'carpe';90,00;0,00;0,00
6/12/2017;'carpe';55,00;0,00;0,00
11/12/2017;'carpe';293,00;0,00;0,00
12/12/2017;'carpe';156,00;0,00;0,00
13/12/2017;;0,00;0,00;0,00
20/12/2017;'carpe';45,00;0,00;0,00
19/12/2017;'carpe';454,00;0,00;0,00
18/12/2017;'carpe';134,00;0,00;0,00
26/12/2017;'carpe';317,00;0,00;0,00
27/12/2017;'carpe';148,00;0,00;0,00
28/12/2017;'carpe';192,00;0,00;0,00
2/1/2018;'carpe';78,00;0,00;0,00
3/1/2018;'carpe';350,00;0,00;0,00
8/1/2018;'carpe';97,00;0,00;0,00
9/1/2018;'carpe';285,00;0,00;0,00
10/1/2018;'carpe';83,00;0,00;0,00
11/1/2018;'tilapia';510,00;0,00;0,00
15/1/2018;'carpe';119,00;0,00;0,00
16/1/2018;'carpe';234,00;0,00;0,00
17/1/2018;'carpe';233,00;0,00;0,00
18/1/2018;'tilapia';1024,00;0,00;0,00
22/1/2018;'carpe';168,00;0,00;0,00
23/1/2018;'carpe';273,00;0,00;0,00
1/2/2018;'carpe';34,00;0,00;0,00
1/2/2018;'tilapia';863,00;0,00;0,00
30/1/2018;'carpe';267,00;0,00;0,00
31/1/2018;'carpe';112,00;0,00;0,00
5/2/2018;'carpe';66,00;0,00;0,00
7/2/2018;'tilapia';780,00;0,00;0,00
7/2/2018;'carpe';172,00;0,00;0,00
8/2/2018;'carpe';45,00;0,00;0,00
8/2/2018;'tilapia';625,00;0,00;0,00
12/2/2018;'carpe';289,00;0,00;0,00
14/2/2018;;0,00;0,00;0,00
19/2/2018;'carpe';60,00;0,00;0,00
15/2/2018;'tilapia';925,00;0,00;0,00
21/2/2018;'carpe';54,00;0,00;0,00
22/2/2018;'tilapia';800,00;0,00;0,00
22/2/2018;'carpe';84,00;0,00;0,00
27/2/2018;'carpe';65,00;0,00;0,00
28/2/2018;'tilapia';719,00;0,00;0,00
28/2/2018;'carpe';355,00;0,00;0,00
1/3/2018;'tilapia';530,00;0,00;0,00
6/3/2018;'carpe';10,00;0,00;0,00
5/3/2018;'carpe';140,00;0,00;0,00
7/3/2018;'carpe';10,00;0,00;0,00
7/3/2018;'tilapia';92,00;0,00;0,00
8/3/2018;'carpe';62,00;0,00;0,00
8/3/2018;'tilapia';770,00;0,00;0,00
12/3/2018;'carpe';232,00;0,00;0,00
13/3/2018;'carpe';150,00;0,00;0,00
14/3/2018;'carpe';88,00;0,00;0,00
15/3/2018;'carpe';67,00;0,00;0,00
15/3/2018;'tilapia';950,00;0,00;0,00
19/3/2018;'carpe';10,00;0,00;0,00
21/3/2018;'carpe';60,00;0,00;0,00
21/3/2018;'tilapia';439,00;0,00;0,00
22/3/2018;'carpe';211,00;0,00;0,00
22/3/2018;'tilapia';287,50;0,00;0,00
26/3/2018;;100,00;0,00;0,00
27/3/2018;'carpe';61,00;0,00;0,00
25/3/2018;'carpe';71,00;0,00;0,00
26/3/2018;'carpe';100,00;0,00;0,00
27/3/2018;'tilapia';178,00;0,00;0,00
28/3/2018;'carpe';132,00;0,00;0,00
2/4/2018;'carpe';309,00;0,00;0,00
5/4/2018;;117,00;0,00;0,00
3/4/2018;'carpe';16,00;0,00;0,00
9/4/2018;'carpe';188,00;0,00;0,00
10/4/2018;'carpe';20,00;0,00;0,00
11/4/2018;'carpe';155,00;0,00;0,00
19/4/2018;'carpe';144,00;0,00;0,00
19/4/2018;'tilapia';196,00;0,00;0,00
18/4/2018;'tilapia';147,00;0,00;0,00
18/4/2018;'carpe';175,00;0,00;0,00
17/4/2018;'carpe';24,00;0,00;0,00
16/4/2018;'carpe';12,50;0,00;0,00
23/4/2018;'carpe';70,00;0,00;0,00
25/4/2018;'carpe';31,00;0,00;0,00
25/4/2018;'tilapia';760,50;0,00;0,00
24/4/2018;'carpe';189,00;0,00;0,00
26/4/2018;'carpe';231,00;0,00;0,00
30/4/2018;'carpe';57,00;0,00;0,00
14/5/2018;'carpe';303,00;0,00;0,00
15/5/2018;'carpe';142,00;0,00;0,00
17/5/2018;'carpe';277,00;0,00;0,00
16/5/2018;'carpe';53,00;0,00;0,00
17/5/2018;'tilapia';904,00;0,00;0,00
21/5/2018;'carpe';106,00;0,00;0,00
22/5/2018;'carpe';236,00;0,00;0,00
23/5/2018;'carpe';215,00;0,00;0,00
28/5/2018;'carpe';120,00;0,00;0,00
24/5/2018;'carpe';556,00;0,00;0,00
24/5/2018;'tilapia';1000,00;0,00;0,00
29/5/2018;'carpe';80,00;0,00;0,00
30/5/2018;'tilapia';525,00;0,00;0,00
30/5/2018;'carpe';156,00;0,00;0,00
4/6/2018;'carpe';74,00;0,00;0,00
5/6/2018;'carpe';140,00;0,00;0,00
6/6/2018;'carpe';117,00;0,00;0,00
6/6/2018;'tilapia';150,00;0,00;0,00
7/6/2018;'tilapia';862,00;0,00;0,00
7/6/2018;'carpe';43,00;0,00;0,00
11/6/2018;'carpe';178,00;0,00;0,00
12/6/2018;'carpe';179,00;0,00;0,00
13/6/2018;'carpe';195,00;0,00;0,00
14/6/2018;'carpe';23,00;0,00;0,00
14/6/2018;'tilapia';721,00;0,00;0,00
18/6/2018;'carpe';68,00;0,00;0,00
19/6/2018;'carpe';273,00;0,00;0,00
21/6/2018;'tilapia';870,00;0,00;0,00
21/6/2018;'carpe';60,00;0,00;0,00
25/6/2018;'carpe';147,00;0,00;0,00
26/6/2018;'carpe';175,00;0,00;0,00
27/6/2018;'carpe';43,00;0,00;0,00
28/6/2018;'tilapia';527,00;0,00;0,00
2/7/2018;'carpe';212,00;0,00;0,00
3/7/2018;'carpe';0,00;0,00;0,00
5/7/2018;'carpe';73,00;0,00;0,00
5/7/2018;'tilapia';905,00;0,00;0,00
4/7/2018;'carpe';113,00;0,00;0,00
9/7/2018;'carpe';172,00;0,00;0,00
11/7/2018;'carpe';185,00;0,00;0,00
11/7/2018;'tilapia';512,00;0,00;0,00
16/7/2018;'carpe';207,00;0,00;0,00
17/7/2018;'carpe';57,00;0,00;0,00
18/7/2018;'carpe';84,00;0,00;0,00
18/7/2018;'tilapia';404,00;0,00;0,00
19/7/2018;;920,00;0,00;0,00
19/7/2018;'carpe';106,00;0,00;0,00
21/7/2018;'carpe';173,00;0,00;0,00
23/7/2018;'carpe';314,00;0,00;0,00
24/7/2018;'carpe';132,00;0,00;0,00
25/7/2018;'carpe';75,00;0,00;0,00
28/7/2018;'carpe';17,00;0,00;0,00
30/7/2018;'carpe';90,00;0,00;0,00
31/7/2018;'carpe';140,00;0,00;0,00
2/8/2018;'tilapia';296,00;0,00;0,00
2/8/2018;'carpe';112,00;0,00;0,00
1/8/2018;'carpe';83,00;0,00;0,00
1/8/2018;'tilapia';818,00;0,00;0,00
26/7/2018;'tilapia';599,00;0,00;0,00
8/8/2018;'carpe';164,00;0,00;0,00
8/8/2018;'tilapia';99,00;0,00;0,00
7/8/2018;'carpe';14,00;0,00;0,00
7/8/2018;'tilapia';25,00;0,00;0,00
9/8/2018;'tilapia';175,00;0,00;0,00
9/8/2018;'carpe';38,00;0,00;0,00
14/8/2018;'carpe';148,00;0,00;0,00
15/8/2018;'carpe';400,00;0,00;0,00
20/8/2018;'carpe';136,00;0,00;0,00
21/8/2018;'carpe';92,00;0,00;0,00
27/8/2018;'carpe';124,00;0,00;0,00
28/8/2018;'carpe';422,00;0,00;0,00
29/8/2018;'carpe';7,00;0,00;0,00
3/9/2018;'carpe';434,00;0,00;0,00
4/9/2018;'carpe';142,00;0,00;0,00
22/8/2018;'carpe';219,00;0,00;0,00
5/9/2018;'carpe';4,00;0,00;0,00
10/9/2018;'carpe';297,00;0,00;0,00
11/9/2018;'carpe';265,00;0,00;0,00
12/9/2018;'carpe';96,00;0,00;0,00
17/9/2018;'carpe';582,00;0,00;0,00
18/9/2018;'carpe';75,00;0,00;0,00
19/9/2018;'tilapia';732,00;0,00;0,00
25/9/2018;'carpe';43,00;0,00;0,00
25/9/2018;'tilapia';27,00;0,00;0,00
27/9/2018;'carpe';575,00;0,00;0,00
27/9/2018;'tilapia';774,00;0,00;0,00
1/10/2018;'carpe';280,50;0,00;0,00
2/10/2018;'carpe';41,00;0,00;0,00
3/10/2018;'carpe';13,00;0,00;0,00
4/10/2018;'tilapia';315,00;0,00;0,00
4/10/2018;'carpe';55,00;0,00;0,00
9/10/2018;'carpe';46,00;0,00;0,00
11/10/2018;'carpe';453,00;0,00;0,00
11/10/2018;'tilapia';738,00;0,00;0,00
16/10/2018;'carpe';252,00;0,00;0,00
16/10/2018;'tilapia';163,00;0,00;0,00
17/10/2018;'carpe';169,00;0,00;0,00
17/10/2018;'tilapia';79,00;0,00;0,00
18/10/2018;'carpe';200,00;0,00;0,00
18/10/2018;'tilapia';625,00;0,00;0,00
22/10/2018;'carpe';152,00;0,00;0,00
21/10/2018;'carpe';195,00;0,00;0,00
23/10/2018;'tilapia';653,00;0,00;0,00
23/10/2018;'carpe';535,00;0,00;0,00
24/10/2018;'tilapia';343,00;0,00;0,00
24/10/2018;'carpe';91,00;0,00;0,00
29/10/2018;'carpe';66,00;0,00;0,00
30/10/2018;'carpe';585,00;0,00;0,00
31/10/2018;'carpe';95,00;0,00;0,00
31/10/2018;'tilapia';188,00;0,00;0,00
1/11/2018;'tilapia';684,00;0,00;0,00
1/11/2018;'carpe';40,00;0,00;0,00
6/11/2018;'carpe';88,00;0,00;0,00
7/11/2018;'carpe';522,00;0,00;0,00
8/11/2018;'carpe';335,00;0,00;0,00
8/11/2018;'tilapia';1283,00;0,00;0,00
12/11/2018;'carpe';231,00;0,00;0,00
13/11/2018;'carpe';229,00;0,00;0,00
14/11/2018;'carpe';188,00;0,00;0,00
14/11/2018;'tilapia';651,00;0,00;0,00
15/11/2018;'carpe';62,00;0,00;0,00
15/11/2018;'tilapia';51,00;0,00;0,00
19/11/2018;'carpe';337,00;0,00;0,00
21/11/2018;'carpe';149,00;0,00;0,00
22/11/2018;'tilapia';1035,00;0,00;0,00
20/11/2018;'carpe';346,00;0,00;0,00
20/11/2018;'tilapia';80,00;0,00;0,00
21/11/2018;'tilapia';20,00;0,00;0,00
26/11/2018;'carpe';241,00;0,00;0,00
27/11/2018;'tilapia';87,00;0,00;0,00
27/11/2018;'carpe';331,00;0,00;0,00
28/11/2018;;0,00;0,00;0,00
28/11/2018;'carpe';25,00;0,00;0,00
28/11/2018;'tilapia';45,00;0,00;0,00
29/11/2018;'tilapia';767,00;0,00;0,00
29/11/2018;'carpe';104,00;0,00;0,00
3/12/2018;'carpe';24,00;0,00;0,00
5/12/2018;'carpe';123,50;0,00;0,00
4/12/2018;'carpe';260,00;0,00;0,00
6/12/2018;'tilapia';981,00;0,00;0,00
6/12/2018;'carpe';234,00;0,00;0,00
23/10/2019;'carpe';37,80;0,00;0,00
13/12/2018;'tilapia';263,00;0,00;0,00
10/12/2018;'carpe';181,70;0,00;0,00
10/12/2018;'tilapia';69,00;0,00;0,00
11/12/2018;'carpe';307,00;0,00;0,00
12/12/2018;'tilapia';586,80;0,00;0,00
12/12/2018;'carpe';419,00;0,00;0,00
17/12/2018;'carpe';358,90;0,00;0,00
20/12/2018;;0,00;0,00;0,00
19/12/2018;'carpe';588,00;0,00;0,00
19/12/2018;'tilapia';137,00;0,00;0,00
18/12/2018;'carpe';67,00;0,00;0,00
26/12/2018;'carpe';241,00;0,00;0,00
20/12/2018;'tilapia';256,50;0,00;0,00
20/12/2018;'carpe';594,00;0,00;0,00
27/12/2018;;0,00;0,00;0,00
28/12/2018;;0,00;0,00;0,00
2/1/2019;'carpe';392,50;0,00;0,00
2/1/2019;'tilapia';25,30;0,00;0,00
3/1/2019;'carpe';633,00;0,00;0,00
3/1/2019;'tilapia';42,00;0,00;0,00
4/1/2019;'carpe';73,00;0,00;0,00
7/1/2019;'carpe';102,00;0,00;0,00
7/1/2019;'tilapia';32,50;0,00;0,00
8/1/2019;'carpe';524,00;0,00;0,00
8/1/2019;'tilapia';47,50;0,00;0,00
14/1/2019;'carpe';207,00;0,00;0,00
14/1/2019;'tilapia';26,00;0,00;0,00
15/1/2019;'carpe';75,00;0,00;0,00
15/1/2018;'tilapia';18,00;0,00;0,00
15/1/2019;'tilapia';18,00;0,00;0,00
16/1/2019;'carpe';454,00;0,00;0,00
16/1/2019;'tilapia';646,00;0,00;0,00
22/1/2019;'carpe';205,00;0,00;0,00
23/1/2019;'carpe';307,00;0,00;0,00
24/1/2019;'tilapia';537,00;0,00;0,00
24/1/2019;'carpe';623,00;0,00;0,00
28/1/2019;'carpe';297,00;0,00;0,00
28/1/2019;'tilapia';74,00;0,00;0,00
29/1/2019;;142,00;0,00;0,00
30/1/2019;'carpe';782,00;0,00;0,00
31/1/2019;'tilapia';783,00;0,00;0,00
4/2/2019;'carpe';96,00;0,00;0,00
5/2/2019;'carpe';222,00;0,00;0,00
7/2/2019;'carpe';334,00;0,00;0,00
7/2/2019;'tilapia';230,00;0,00;0,00
6/2/2019;'tilapia';719,00;0,00;0,00
11/2/2019;'carpe';141,00;0,00;0,00
12/2/2019;'carpe';13,00;0,00;0,00
13/2/2019;'carpe';630,00;0,00;0,00
13/2/2019;'tilapia';816,00;0,00;0,00
14/2/2019;'tilapia';723,00;0,00;0,00
18/2/2019;'carpe';165,00;0,00;0,00
19/2/2019;'carpe';350,00;0,00;0,00
21/2/2019;'tilapia';902,00;0,00;0,00
25/2/2019;'carpe';66,00;0,00;0,00
28/2/2019;'tilapia';1368,00;0,00;0,00
28/2/2019;'carpe';887,00;0,00;0,00
4/3/2019;'carpe';169,00;0,00;0,00
5/3/2019;'carpe';13,00;0,00;0,00
7/3/2019;'tilapia';980,00;0,00;0,00
7/3/2019;'carpe';425,00;0,00;0,00
6/3/2019;'carpe';447,00;0,00;0,00
6/3/2019;'tilapia';458,00;0,00;0,00
11/3/2019;'carpe';371,00;0,00;0,00
12/3/2019;'carpe';65,00;0,00;0,00
13/3/2019;'carpe';190,00;0,00;0,00
14/3/2019;'tilapia';1806,00;0,00;0,00
14/3/2019;'carpe';363,00;0,00;0,00
20/3/2019;'tilapia';1458,00;0,00;0,00
20/3/2019;'carpe';389,00;0,00;0,00
21/3/2019;'carpe';329,00;0,00;0,00
18/3/2019;'carpe';118,00;0,00;0,00
19/3/2019;'carpe';97,00;0,00;0,00
25/3/2019;'carpe';122,00;0,00;0,00
26/3/2019;'tilapia';303,00;0,00;0,00
26/3/2019;'carpe';58,00;0,00;0,00
28/3/2019;'tilapia';2064,00;0,00;0,00
28/3/2019;'carpe';103,00;0,00;0,00
1/4/2019;'carpe';53,00;0,00;0,00
29/3/2019;'tilapia';243,00;0,00;0,00
2/4/2019;'tilapia';1081,00;0,00;0,00
2/4/2019;'carpe';100,00;0,00;0,00
3/4/2019;'carpe';140,00;0,00;0,00
3/4/2019;'tilapia';292,00;0,00;0,00
4/4/2019;'carpe';172,00;0,00;0,00
4/4/2019;'tilapia';951,00;0,00;0,00
27/3/2019;'carpe';39,00;0,00;0,00
8/4/2019;'tilapia';462,00;0,00;0,00
8/4/2019;'carpe';25,00;0,00;0,00
9/4/2019;'tilapia';14,00;0,00;0,00
9/4/2019;'carpe';9,00;0,00;0,00
10/4/2019;'tilapia';1806,00;0,00;0,00
10/4/2019;'carpe';92,00;0,00;0,00
13/4/2019;'tilapia';285,00;0,00;0,00
11/4/2019;'carpe';200,00;0,00;0,00
11/4/2019;'tilapia';491,00;0,00;0,00
14/4/2019;'carpe';104,00;0,00;0,00
14/4/2019;'tilapia';2371,00;0,00;0,00
15/4/2019;'tilapia';881,00;0,00;0,00
15/4/2019;'carpe';175,00;0,00;0,00
16/4/2019;'tilapia';164,00;0,00;0,00
16/4/2019;'carpe';77,00;0,00;0,00
22/4/2019;'carpe';242,00;0,00;0,00
17/4/2019;'tilapia';1135,00;0,00;0,00
17/4/2019;'carpe';255,00;0,00;0,00
23/4/2019;'carpe';49,00;0,00;0,00
25/4/2019;'tilapia';515,00;0,00;0,00
25/4/2019;'carpe';73,00;0,00;0,00
24/4/2019;'carpe';83,00;0,00;0,00
24/4/2019;'tilapia';415,00;0,00;0,00
14/5/2019;'tilapia';43,50;0,00;0,00
13/5/2019;'carpe';165,00;0,00;0,00
15/5/2019;'tilapia';1479,00;0,00;0,00
16/5/2019;'tilapia';742,00;0,00;0,00
20/5/2019;'carpe';4,00;0,00;0,00
22/5/2019;'carpe';425,00;0,00;0,00
28/5/2019;'carpe';205,00;0,00;0,00
27/5/2019;'carpe';194,00;0,00;0,00
30/5/2019;'tilapia';60,00;0,00;0,00
30/5/2019;'carpe';25,00;0,00;0,00
29/5/2019;'carpe';125,00;0,00;0,00
29/5/2019;'tilapia';281,00;0,00;0,00
3/6/2019;'carpe';150,00;0,00;0,00
4/6/2019;'carpe';177,00;0,00;0,00
3/6/2019;'tilapia';120,00;0,00;0,00
4/6/2019;'tilapia';61,00;0,00;0,00
6/6/2019;'carpe';237,00;0,00;0,00
5/6/2019;'carpe';238,00;0,00;0,00
6/6/2019;'tilapia';355,00;0,00;0,00
10/6/2019;'carpe';275,00;0,00;0,00
12/6/2019;'carpe';250,00;0,00;0,00
11/6/2019;'carpe';116,00;0,00;0,00
13/6/2019;'tilapia';310,00;0,00;0,00
13/6/2019;'carpe';370,00;0,00;0,00
11/6/2019;'tilapia';115,00;0,00;0,00
15/6/2019;'tilapia';25,00;0,00;0,00
15/6/2019;'carpe';4,00;0,00;0,00
18/6/2019;'carpe';321,00;0,00;0,00
19/6/2019;'tilapia';211,00;0,00;0,00
17/6/2019;'carpe';271,00;0,00;0,00
17/6/2019;'tilapia';66,50;0,00;0,00
24/6/2019;'carpe';222,00;0,00;0,00
25/6/2019;'carpe';130,00;0,00;0,00
26/6/2019;'carpe';239,00;0,00;0,00
26/6/2019;;199,00;0,00;0,00
25/6/2019;;28,00;0,00;0,00
27/6/2019;'tilapia';265,00;0,00;0,00
27/6/2019;'carpe';391,00;0,00;0,00
26/6/2019;'tilapia';199,00;0,00;0,00
25/6/2019;'tilapia';40,00;0,00;0,00
24/6/2019;'tilapia';44,00;0,00;0,00
1/7/2019;'carpe';84,00;0,00;0,00
2/7/2019;'carpe';142,00;0,00;0,00
2/7/2019;'tilapia';71,00;0,00;0,00
3/7/2019;'carpe';407,00;0,00;0,00
3/7/2019;'tilapia';42,00;0,00;0,00
4/7/2019;'carpe';107,00;0,00;0,00
4/7/2019;'tilapia';256,00;0,00;0,00
11/7/2019;'carpe';310,00;0,00;0,00
11/7/2019;'tilapia';100,00;0,00;0,00
10/7/2019;'carpe';33,00;0,00;0,00
9/7/2019;'carpe';66,00;0,00;0,00
8/7/2019;'carpe';147,00;0,00;0,00
10/7/2019;'tilapia';50,00;0,00;0,00
15/7/2019;'carpe';268,00;0,00;0,00
22/7/2019;'carpe';393,00;0,00;0,00
23/7/2019;;77,00;0,00;0,00
22/7/2019;'tilapia';44,00;0,00;0,00
24/7/2019;'carpe';133,00;0,00;0,00
23/7/2019;'carpe';77,00;0,00;0,00
25/7/2019;'tilapia';869,00;0,00;0,00
25/7/2019;'carpe';155,00;0,00;0,00
29/7/2019;'carpe';105,00;0,00;0,00
30/7/2019;'carpe';75,00;0,00;0,00
30/7/2019;'tilapia';569,00;0,00;0,00
31/7/2019;'carpe';60,00;0,00;0,00
31/7/2019;'tilapia';152,00;0,00;0,00
6/8/2019;'carpe';203,00;0,00;0,00
5/8/2019;'carpe';56,00;0,00;0,00
6/8/2019;'tilapia';25,00;0,00;0,00
5/8/2019;'tilapia';33,00;0,00;0,00
7/8/2019;'carpe';104,00;0,00;0,00
8/8/2019;;0,00;0,00;0,00
8/8/2019;'carpe';207,00;0,00;0,00
9/8/2019;'carpe';73,00;0,00;0,00
9/8/2019;'tilapia';125,00;0,00;0,00
8/8/2019;;973,00;0,00;0,00
12/8/2019;'carpe';171,00;0,00;0,00
13/8/2019;'carpe';222,00;0,00;0,00
14/8/2019;'carpe';172,00;0,00;0,00
8/8/2019;'tilapia';973,00;0,00;0,00
15/8/2019;'tilapia';717,00;0,00;0,00
15/8/2019;'carpe';171,00;0,00;0,00
19/8/2019;'carpe';234,00;0,00;0,00
20/8/2019;'carpe';150,00;0,00;0,00
21/8/2019;;191,00;0,00;0,00
21/8/2019;'carpe';191,00;0,00;0,00
21/8/2019;'tilapia';1021,00;0,00;0,00
22/8/2019;'tilapia';409,00;0,00;0,00
22/8/2019;'carpe';125,00;0,00;0,00
26/8/2019;'carpe';194,00;0,00;0,00
28/8/2019;'carpe';13,00;0,00;0,00
28/8/2019;'tilapia';680,00;0,00;0,00
2/9/2019;'carpe';61,00;0,00;0,00
3/9/2019;'carpe';190,00;0,00;0,00
4/9/2019;'tilapia';221,00;0,00;0,00
4/9/2019;'carpe';51,00;0,00;0,00
5/9/2019;'carpe';34,00;0,00;0,00
5/9/2019;'tilapia';727,00;0,00;0,00
9/9/2019;'carpe';87,00;0,00;0,00
10/9/2019;'carpe';125,00;0,00;0,00
11/9/2019;'tilapia';263,00;0,00;0,00
11/9/2019;'carpe';109,00;0,00;0,00
12/9/2019;'tilapia';473,00;0,00;0,00
12/9/2019;'carpe';41,00;0,00;0,00
16/9/2019;'carpe';225,00;0,00;0,00
17/9/2019;'carpe';100,00;0,00;0,00
19/9/2019;'tilapia';803,00;0,00;0,00
19/9/2019;'carpe';60,00;0,00;0,00
18/9/2019;'carpe';52,00;0,00;0,00
18/9/2019;'tilapia';360,00;0,00;0,00
25/9/2019;'carpe';321,00;0,00;0,00
25/9/2019;'tilapia';371,00;0,00;0,00
23/9/2019;'carpe';117,00;0,00;0,00
30/9/2019;'carpe';243,00;0,00;0,00
3/10/2019;'tilapia';495,00;0,00;0,00
2/10/2019;'tilapia';44,00;0,00;0,00
2/10/2019;'carpe';87,00;0,00;0,00
1/10/2019;'carpe';75,00;0,00;0,00
30/9/2019;'carpe';243,00;0,00;0,00
7/10/2019;'carpe';232,00;0,00;0,00
7/10/2019;'tilapia';191,00;0,00;0,00
9/10/2019;'tilapia';64,00;0,00;0,00
9/10/2019;'carpe';91,00;0,00;0,00
10/10/2019;'carpe';156,00;0,00;0,00
10/10/2019;'tilapia';934,00;0,00;0,00
11/10/2019;'tilapia';25,00;0,00;0,00
14/10/2019;;330,00;0,00;0,00
14/10/2019;'tilapia';859,00;0,00;0,00
15/10/2019;'carpe';115,00;0,00;0,00
21/10/2019;'carpe';307,00;0,00;0,00
22/10/2019;'carpe';252,00;0,00;0,00
23/10/2019;'tilapia';126,00;0,00;0,00
24/10/2019;'carpe';45,00;0,00;0,00
24/10/2019;'tilapia';760,00;0,00;0,00
28/10/2019;'carpe';409,00;0,00;0,00
28/10/2019;'tilapia';655,00;0,00;0,00
29/10/2019;'carpe';117,00;0,00;0,00
30/10/2019;'carpe';36,00;0,00;0,00
31/10/2019;'carpe';197,00;0,00;0,00
31/10/2019;'tilapia';537,00;0,00;0,00
5/11/2019;'carpe';146,00;0,00;0,00
7/11/2019;'tilapia';1309,00;0,00;0,00
7/11/2019;'carpe';109,00;0,00;0,00
11/11/2019;'tilapia';264,00;0,00;0,00
11/11/2019;'carpe';362,00;0,00;0,00
12/11/2019;'carpe';56,00;0,00;0,00
13/11/2019;'carpe';221,00;0,00;0,00
18/11/2019;'carpe';125,00;0,00;0,00
19/11/2019;'carpe';75,00;0,00;0,00
20/11/2019;'tilapia';568,00;0,00;0,00
20/11/2019;'carpe';92,00;0,00;0,00
21/11/2019;'tilapia';92,00;0,00;0,00
25/11/2019;'carpe';574,00;0,00;0,00
25/11/2019;'tilapia';640,00;0,00;0,00
26/11/2019;'carpe';135,00;0,00;0,00
27/11/2019;;0,00;0,00;0,00
27/11/2019;;0,00;0,00;0,00
27/11/2019;'tilapia';728,00;0,00;0,00
27/11/2019;'carpe';311,00;0,00;0,00
2/12/2019;'carpe';240,00;0,00;0,00
4/12/2019;'carpe';40,00;0,00;0,00
3/12/2019;'carpe';332,00;0,00;0,00
4/12/2019;'tilapia';917,00;0,00;0,00
9/12/2019;'carpe';411,00;0,00;0,00
9/12/2019;'tilapia';575,00;0,00;0,00
16/12/2019;'tilapia';465,00;0,00;0,00
16/12/2019;'carpe';354,00;0,00;0,00
17/12/2019;'carpe';150,00;0,00;0,00
18/12/2019;;0,00;0,00;0,00
18/12/2019;'tilapia';360,00;0,00;0,00
19/12/2019;'tilapia';658,00;0,00;0,00
18/12/2019;'carpe';382,00;0,00;0,00
19/12/2019;'carpe';343,00;0,00;0,00
21/12/2019;'carpe';70,00;0,00;0,00
21/12/2019;'tilapia';135,00;0,00;0,00
26/12/2019;'tilapia';878,00;0,00;0,00
26/12/2019;'carpe';454,00;0,00;0,00
28/12/2019;'carpe';136,00;0,00;0,00
29/12/2019;'tilapia';680,00;0,00;0,00
29/12/2019;'carpe';163,00;0,00;0,00
30/12/2019;'carpe';72,00;0,00;0,00
2/1/2020;'tilapia';702,00;0,00;0,00
2/1/2020;'carpe';401,00;0,00;0,00
7/1/2020;'carpe';341,00;0,00;0,00
8/1/2020;'tilapia';359,00;0,00;0,00
9/1/2020;'tilapia';755,00;0,00;0,00
8/1/2020;'carpe';230,00;0,00;0,00
9/1/2020;'carpe';88,00;0,00;0,00
13/1/2020;'tilapia';893,00;0,00;0,00
13/1/2020;'carpe';538,00;0,00;0,00
14/1/2020;'carpe';259,00;0,00;0,00
15/1/2020;'carpe';382,00;0,00;0,00
15/1/2020;'tilapia';483,00;0,00;0,00
21/1/2020;'carpe';273,00;0,00;0,00
20/1/2020;'carpe';137,00;0,00;0,00
23/1/2020;'carpe';85,00;0,00;0,00
22/1/2020;'carpe';184,00;0,00;0,00
23/1/2020;'tilapia';897,00;0,00;0,00
22/1/2020;'tilapia';458,00;0,00;0,00
28/1/2020;'carpe';274,00;0,00;0,00
27/1/2020;'carpe';910,00;0,00;0,00
27/1/2020;'tilapia';1034,00;0,00;0,00
29/1/2020;'tilapia';725,00;0,00;0,00
30/1/2020;'tilapia';694,00;0,00;0,00
3/2/2020;'carpe';168,00;0,00;0,00
4/2/2020;'carpe';1,00;0,00;0,00
5/2/2020;'tilapia';888,00;0,00;0,00
5/2/2020;'carpe';393,00;0,00;0,00
6/2/2020;'tilapia';521,25;0,00;0,00
10/2/2020;;0,00;0,00;0,00
10/2/2020;'tilapia';1238,00;0,00;0,00
10/2/2020;'carpe';575,00;0,00;0,00
11/2/2020;'carpe';185,00;0,00;0,00
12/2/2020;'carpe';127,00;0,00;0,00
13/2/2020;'carpe';232,00;0,00;0,00
13/2/2020;'tilapia';1056,00;0,00;0,00
19/2/2020;'carpe';264,00;0,00;0,00
20/2/2020;'tilapia';1136,00;0,00;0,00
20/2/2020;'carpe';327,00;0,00;0,00
25/2/2020;'carpe';383,00;0,00;0,00
24/2/2020;'carpe';539,00;0,00;0,00
24/2/2020;'tilapia';725,00;0,00;0,00
26/2/2020;'tilapia';1377,50;0,00;0,00
26/2/2020;'carpe';383,00;0,00;0,00
2/3/2020;'carpe';78,00;0,00;0,00
3/3/2020;'carpe';200,00;0,00;0,00
4/3/2020;'tilapia';224,00;0,00;0,00
4/3/2020;'carpe';251,00;0,00;0,00
9/3/2020;'tilapia';1209,00;0,00;0,00
9/3/2020;'carpe';460,00;0,00;0,00
10/3/2020;'carpe';237,00;0,00;0,00
11/3/2020;;0,00;0,00;0,00
11/3/2020;'tilapia';309,00;0,00;0,00
11/3/2020;'carpe';189,00;0,00;0,00
12/3/2020;'tilapia';1258,00;0,00;0,00
12/3/2020;'carpe';611,00;0,00;0,00
18/3/2020;;450,00;0,00;0,00
18/3/2020;'tilapia';1346,00;0,00;0,00
17/3/2020;'carpe';236,00;0,00;0,00
18/3/2020;'carpe';450,00;0,00;0,00
17/3/2020;'tilapia';933,00;0,00;0,00
19/3/2020;'carpe';142,00;0,00;0,00
19/3/2020;'tilapia';425,00;0,00;0,00
24/3/2020;'tilapia';902,00;0,00;0,00
24/3/2020;'carpe';525,00;0,00;0,00
31/3/2020;'tilapia';1583,00;0,00;0,00
31/3/2020;'carpe';587,00;0,00;0,00
1/4/2020;'carpe';450,00;0,00;0,00
1/4/2020;'tilapia';1468,00;0,00;0,00
7/4/2020;'carpe';350,00;0,00;0,00
6/4/2020;'carpe';209,00;0,00;0,00
6/4/2020;'tilapia';341,00;0,00;0,00
8/4/2020;'carpe';482,00;0,00;0,00
8/4/2020;'tilapia';1529,00;0,00;0,00
7/4/2020;'tilapia';1139,00;0,00;0,00
14/4/2020;'carpe';207,00;0,00;0,00
15/4/2020;'tilapia';543,00;0,00;0,00
15/4/2020;'carpe';153,00;0,00;0,00
16/4/2020;'carpe';350,00;0,00;0,00
16/4/2020;;472,00;0,00;0,00
16/4/2020;'tilapia';472,00;0,00;0,00
20/4/2020;'carpe';84,00;0,00;0,00
21/4/2020;'carpe';207,00;0,00;0,00
22/4/2020;'carpe';264,00;0,00;0,00
23/4/2020;'carpe';219,00;0,00;0,00
27/4/2020;'carpe';146,00;0,00;36,00
28/4/2020;'carpe';185,00;0,00;0,00
29/4/2020;'carpe';350,00;0,00;0,00
30/4/2020;'carpe';72,00;0,00;0,00
5/5/2020;'carpe';315,00;0,00;0,00
7/5/2020;'tilapia';675,00;0,00;0,00
7/5/2020;'carpe';261,00;0,00;0,00
6/5/2020;'carpe';25,00;0,00;0,00
5/5/2020;'carpe';315,00;0,00;0,00
11/5/2020;'carpe';220,00;0,00;0,00
12/5/2020;'carpe';47,00;0,00;0,00
13/5/2020;'carpe';189,00;0,00;0,00
14/5/2020;'carpe';107,00;0,00;0,00
14/5/2020;'tilapia';1596,00;0,00;0,00
18/5/2020;'carpe';200,00;0,00;0,00
19/5/2020;'carpe';260,00;0,00;0,00
18/5/2020;'tilapia';1194,00;0,00;0,00
19/5/2020;'tilapia';585,00;0,00;0,00
20/5/2020;'carpe';168,00;0,00;0,00
21/5/2020;'carpe';32,00;0,00;0,00
21/5/2020;'tilapia';561,00;0,00;0,00
25/5/2020;'carpe';27,50;0,00;0,00
25/5/2020;'tilapia';748,50;0,00;0,00
26/5/2020;'carpe';130,00;0,00;0,00
27/5/2020;'carpe';3,00;0,00;0,00
27/5/2020;'tilapia';915,00;0,00;0,00
28/5/2020;'tilapia';0,00;0,00;0,00
1/6/2020;;0,00;0,00;0,00
2/6/2020;'carpe';18,00;0,00;0,00
8/6/2020;'carpe';172,00;0,00;0,00
4/6/2020;'carpe';225,00;0,00;0,00
4/6/2020;'tilapia';570,00;0,00;0,00
9/6/2020;'carpe';188,00;0,00;0,00
9/6/2020;'tilapia';585,00;0,00;0,00
10/6/2020;'carpe';281,00;0,00;0,00
15/6/2020;'carpe';275,00;0,00;0,00
15/6/2020;'tilapia';698,00;0,00;0,00
17/6/2020;'tilapia';903,00;0,00;0,00
17/6/2020;'carpe';178,00;0,00;0,00
18/6/2020;'tilapia';442,00;0,00;0,00
18/6/2020;'carpe';142,00;0,00;0,00
22/6/2020;'tilapia';735,00;0,00;0,00
22/6/2020;'carpe';325,00;0,00;0,00
24/6/2020;'carpe';267,00;0,00;0,00
24/6/2020;'tilapia';587,00;0,00;0,00
25/6/2020;'carpe';96,00;0,00;0,00
25/6/2020;'tilapia';584,00;0,00;0,00
26/6/2020;'carpe';87,00;0,00;0,00
26/6/2020;'tilapia';175,00;0,00;0,00
29/6/2020;'tilapia';874,00;0,00;0,00
29/6/2020;'carpe';221,00;0,00;0,00
30/6/2020;'carpe';29,00;0,00;0,00
1/7/2020;'carpe';78,00;0,00;0,00
1/7/2020;'tilapia';944,00;0,00;0,00
3/7/2020;'carpe';4,00;0,00;0,00
2/7/2020;'carpe';63,00;0,00;0,00
6/7/2020;'carpe';38,00;0,00;0,00
7/7/2020;'carpe';139,00;0,00;0,00
6/7/2020;'tilapia';1101,00;0,00;0,00
7/7/2020;'tilapia';884,00;0,00;0,00
8/7/2020;'carpe';362,00;0,00;0,00
9/7/2020;'carpe';42,00;0,00;0,00
9/7/2020;'tilapia';1269,00;0,00;0,00
13/7/2020;'tilapia';1202,00;0,00;0,00
14/7/2020;'tilapia';461,00;0,00;0,00
15/7/2020;'tilapia';85,00;0,00;0,00
13/7/2020;'carpe';203,00;0,00;0,00
14/7/2020;'carpe';3,00;0,00;0,00
15/7/2020;'carpe';12,00;0,00;0,00
16/7/2020;'tilapia';478,00;0,00;0,00
16/7/2020;'carpe';45,00;0,00;0,00
20/7/2020;'tilapia';1288,60;0,00;0,00
20/7/2020;'carpe';275,00;0,00;0,00
21/7/2020;'tilapia';914,00;0,00;0,00
21/7/2020;'carpe';31,00;0,00;0,00
23/7/2020;'carpe';91,00;0,00;0,00
23/7/2020;'tilapia';370,00;0,00;0,00
27/7/2020;'carpe';271,00;0,00;0,00
28/7/2020;'carpe';12,00;0,00;0,00
29/7/2020;'carpe';90,00;0,00;0,00
27/7/2020;'tilapia';723,00;0,00;0,00
28/7/2020;'tilapia';761,00;0,00;0,00
29/7/2020;'tilapia';208,00;0,00;0,00
30/7/2020;'tilapia';475,00;0,00;0,00
3/8/2020;'carpe';58,50;0,00;0,00
3/8/2020;'tilapia';1035,75;0,00;0,00
4/8/2020;'carpe';101,00;0,00;0,00
5/8/2020;'tilapia';698,00;0,00;0,00
5/8/2020;'carpe';54,00;0,00;0,00
6/8/2020;'tilapia';965,00;0,00;0,00
10/8/2020;'carpe';108,00;0,00;0,00
10/8/2020;'tilapia';18,50;0,00;0,00
12/8/2020;'carpe';280,00;0,00;0,00
12/8/2020;'tilapia';648,00;0,00;0,00
13/8/2020;'carpe';16,00;0,00;0,00
13/8/2020;'tilapia';760,50;0,00;0,00
17/8/2020;'carpe';36,00;0,00;0,00
17/8/2020;'tilapia';1108,00;0,00;0,00
20/8/2020;'carpe';118,00;0,00;0,00
20/8/2020;'tilapia';836,00;0,00;0,00
24/8/2020;'tilapia';1168,00;0,00;0,00
24/8/2020;'carpe';108,00;0,00;0,00
25/8/2020;;0,00;0,00;0,00
25/8/2020;'carpe';145,00;0,00;0,00
25/8/2020;'tilapia';455,00;0,00;0,00
26/8/2020;'tilapia';1321,00;0,00;0,00
26/8/2020;'carpe';20,00;0,00;0,00
27/8/2020;'tilapia';757,00;0,00;0,00
27/8/2020;'carpe';58,00;0,00;0,00
31/8/2020;'tilapia';987,00;0,00;0,00
31/8/2020;'carpe';298,00;0,00;0,00
1/9/2020;'tilapia';1069,00;0,00;0,00
2/9/2020;'tilapia';379,00;0,00;0,00
3/9/2020;'tilapia';189,00;0,00;0,00
1/9/2020;'carpe';85,00;0,00;0,00
2/9/2020;'carpe';92,00;0,00;0,00
3/9/2020;'carpe';236,00;0,00;0,00
7/9/2020;'tilapia';1057,00;0,00;0,00
7/9/2020;'carpe';423,00;0,00;0,00
8/9/2020;'tilapia';541,00;0,00;0,00
8/9/2020;'carpe';54,00;0,00;0,00
9/9/2020;'tilapia';747,00;0,00;0,00
10/9/2020;'tilapia';539,00;0,00;0,00
9/9/2020;'carpe';20,00;0,00;0,00
14/9/2020;'tilapia';1099,00;0,00;0,00
14/9/2020;'carpe';246,00;0,00;0,00
15/9/2020;'carpe';68,00;0,00;0,00
15/9/2020;'tilapia';552,00;0,00;0,00
16/9/2020;'carpe';171,00;0,00;0,00
16/9/2020;'tilapia';407,00;0,00;0,00
17/9/2020;'carpe';355,00;0,00;0,00
17/9/2020;'tilapia';676,00;0,00;0,00
21/9/2020;'tilapia';938,50;0,00;0,00
22/9/2020;'tilapia';1215,00;0,00;0,00
21/9/2020;'carpe';181,00;0,00;0,00
22/9/2020;'carpe';152,00;0,00;0,00
23/9/2020;'carpe';66,00;0,00;0,00
23/9/2020;'tilapia';613,00;0,00;0,00
24/9/2020;'carpe';218,00;0,00;0,00
24/9/2020;'tilapia';716,00;0,00;0,00
28/9/2020;'tilapia';1410,50;0,00;0,00
30/9/2020;'tilapia';1223,00;0,00;0,00
1/10/2020;'tilapia';773,00;0,00;0,00
1/10/2020;'carpe';61,00;0,00;0,00
30/9/2020;'carpe';185,00;0,00;0,00
28/9/2020;'carpe';231,00;0,00;0,00
2/10/2020;'tilapia';268,00;0,00;0,00
5/10/2020;'carpe';398,00;0,00;0,00
6/10/2020;'carpe';248,00;0,00;0,00
7/10/2020;;0,00;0,00;0,00
5/10/2020;'tilapia';831,00;0,00;0,00
6/10/2020;'tilapia';622,50;0,00;0,00
7/10/2020;'tilapia';524,00;0,00;0,00
8/10/2020;'tilapia';1247,00;0,00;0,00
7/10/2020;'carpe';72,00;0,00;0,00
8/10/2020;'carpe';255,00;0,00;0,00
9/10/2020;;393,00;0,00;0,00
12/10/2020;'carpe';175,00;0,00;0,00
13/10/2020;'carpe';386,00;0,00;0,00
12/10/2020;'tilapia';1049,00;0,00;0,00
13/10/2020;'tilapia';1198,00;0,00;0,00
9/10/2020;;393,00;0,00;0,00
15/10/2020;'carpe';181,00;0,00;0,00
15/10/2020;'tilapia';1455,00;0,00;0,00
14/10/2020;'tilapia';795,00;0,00;0,00
9/10/2020;'tilapia';393,00;0,00;0,00
14/10/2020;'carpe';128,00;0,00;0,00
19/10/2020;'tilapia';1813,00;0,00;0,00
19/10/2020;'carpe';437,00;0,00;0,00
20/10/2020;'tilapia';513,00;0,00;0,00
20/10/2020;'carpe';35,00;0,00;0,00
21/10/2020;'tilapia';970,00;0,00;0,00
21/10/2020;'carpe';415,00;0,00;0,00
22/10/2020;'tilapia';648,00;0,00;0,00
26/10/2020;'carpe';250,00;0,00;0,00
22/10/2020;'carpe';266,00;0,00;0,00
27/10/2020;'carpe';86,00;0,00;0,00
28/10/2020;'carpe';261,00;0,00;0,00
26/10/2020;'tilapia';1920,50;0,00;0,00
28/10/2020;'tilapia';1013,00;0,00;0,00
29/10/2020;'tilapia';1081,50;0,00;0,00
29/10/2020;'carpe';262,00;0,00;0,00
3/11/2020;'carpe';26,00;0,00;0,00
2/11/2020;'carpe';278,00;0,00;0,00
3/11/2020;'tilapia';907,00;0,00;0,00
2/11/2020;'tilapia';1550,00;0,00;0,00
4/11/2020;'carpe';620,00;0,00;0,00
4/11/2020;'tilapia';1026,00;0,00;0,00
5/11/2020;'tilapia';1447,00;0,00;0,00
5/11/2020;'carpe';127,00;0,00;0,00
9/11/2020;'carpe';538,00;0,00;0,00
9/11/2020;'tilapia';1550,00;0,00;0,00
10/11/2020;'tilapia';463,00;0,00;0,00
10/11/2020;'carpe';117,00;0,00;0,00
11/11/2020;'carpe';486,00;0,00;0,00
11/11/2020;'tilapia';486,00;0,00;0,00
12/11/2020;'tilapia';983,50;0,00;0,00
12/11/2020;'carpe';153,00;0,00;0,00
13/11/2020;'tilapia';409,00;0,00;0,00
16/11/2020;;0,00;0,00;0,00
16/11/2020;'carpe';350,00;0,00;0,00
16/11/2020;'tilapia';1764,00;0,00;0,00
17/11/2020;'carpe';191,00;0,00;0,00
18/11/2020;'tilapia';1763,00;0,00;0,00
18/11/2020;'carpe';713,00;0,00;0,00
19/11/2020;'carpe';158,00;0,00;0,00
19/11/2020;'tilapia';318,00;0,00;0,00
23/11/2020;'tilapia';1791,00;0,00;0,00
23/11/2020;'carpe';343,00;0,00;0,00
26/11/2020;'carpe';504,00;0,00;0,00
25/11/2020;'carpe';207,00;0,00;0,00
26/11/2020;'tilapia';1183,00;0,00;0,00
30/11/2020;'carpe';412,00;0,00;0,00
30/11/2020;'tilapia';1420,40;0,00;0,00
1/12/2020;'tilapia';514,00;0,00;0,00
1/12/2020;'carpe';239,00;0,00;0,00
2/12/2020;'carpe';263,00;0,00;0,00
3/12/2020;'tilapia';300,00;0,00;0,00
3/12/2020;'carpe';379,00;0,00;0,00
8/12/2020;'tilapia';29,00;0,00;0,00
7/12/2020;'tilapia';1391,00;0,00;0,00
7/12/2020;'carpe';258,00;0,00;0,00
8/12/2020;'carpe';122,00;0,00;0,00
9/12/2020;'tilapia';653,00;0,00;0,00
9/12/2020;'carpe';69,00;0,00;0,00
10/12/2020;'carpe';61,00;0,00;0,00
14/12/2020;'tilapia';995,50;0,00;0,00
14/12/2020;'carpe';231,00;0,00;0,00
15/12/2020;'carpe';86,50;0,00;0,00
16/12/2020;'carpe';275,00;0,00;0,00
17/12/2020;'carpe';111,00;0,00;0,00
17/12/2020;'tilapia';787,00;0,00;0,00
20/12/2020;'tilapia';1145,00;0,00;0,00
20/12/2020;'carpe';97,00;0,00;0,00
21/12/2020;'carpe';216,00;0,00;0,00
21/12/2020;'tilapia';21,00;0,00;0,00
22/12/2020;'carpe';6,00;0,00;0,00
27/12/2020;'tilapia';907,50;0,00;0,00
27/12/2020;'carpe';112,00;0,00;0,00
28/12/2020;'carpe';293,60;0,00;0,00
29/12/2020;;0,00;0,00;0,00
29/12/2020;'carpe';175,30;0,00;0,00
6/1/2021;'carpe';125,00;0,00;0,00
7/1/2021;'tilapia';1466,00;0,00;0,00
7/1/2021;'carpe';484,00;0,00;0,00
11/1/2021;'carpe';199,00;0,00;0,00
12/1/2021;'carpe';250,00;0,00;0,00
13/1/2021;'tilapia';333,00;0,00;0,00
19/1/2021;'carpe';175,00;0,00;0,00
14/1/2021;'tilapia';174,80;0,00;0,00
14/1/2021;'carpe';13,00;0,00;0,00
26/1/2021;'carpe';38,00;0,00;0,00
1/2/2021;'carpe';30,00;0,00;0,00
2/2/2021;'carpe';97,00;0,00;0,00
8/2/2021;'carpe';75,00;0,00;0,00
9/2/2021;'carpe';136,00;0,00;0,00
10/2/2021;'carpe';168,00;0,00;0,00
11/2/2021;'carpe';217,00;0,00;0,00
11/2/2021;'tilapia';825,00;0,00;0,00
15/2/2021;'tilapia';1218,50;0,00;0,00
15/2/2021;'carpe';408,00;0,00;0,00
17/2/2021;'tilapia';928,00;0,00;0,00
16/2/2021;'carpe';248,00;0,00;0,00
17/2/2021;'carpe';336,00;0,00;0,00
18/2/2021;'tilapia';824,00;0,00;0,00
18/2/2021;'carpe';161,00;0,00;0,00
22/2/2021;'tilapia';1374,00;0,00;0,00
24/2/2021;'tilapia';806,50;0,00;0,00
22/2/2021;'carpe';601,00;0,00;0,00
23/2/2021;'carpe';181,00;0,00;0,00
24/2/2021;'carpe';159,00;0,00;0,00
25/2/2021;'carpe';159,00;0,00;0,00
1/3/2021;'tilapia';1119,50;0,00;0,00
1/3/2021;'carpe';215,50;0,00;0,00
2/3/2021;'tilapia';390,00;0,00;0,00
2/3/2021;'carpe';212,00;0,00;0,00
4/3/2021;'tilapia';511,00;0,00;0,00
4/3/2021;'carpe';135,00;0,00;0,00
3/3/2021;'tilapia';1588,50;0,00;0,00
3/3/2021;'carpe';261,00;0,00;0,00
8/3/2021;'tilapia';1158,00;0,00;0,00
8/3/2021;'carpe';328,00;0,00;0,00
9/3/2021;'carpe';67,00;0,00;0,00
10/3/2021;'tilapia';804,00;0,00;0,00
11/3/2021;'tilapia';314,00;0,00;0,00
11/3/2021;'carpe';35,00;0,00;0,00
10/3/2021;'carpe';266,00;0,00;0,00
15/3/2021;'carpe';108,00;0,00;0,00
15/3/2021;'tilapia';260,00;0,00;0,00
16/3/2021;'carpe';229,00;0,00;0,00
16/3/2021;'tilapia';149,00;0,00;0,00
17/3/2021;'tilapia';86,00;0,00;0,00
17/3/2021;'carpe';75,50;0,00;0,00
18/3/2021;'carpe';35,00;0,00;0,00
18/3/2021;'tilapia';1385,50;0,00;0,00
22/3/2021;'carpe';54,00;0,00;0,00
23/3/2021;'carpe';157,00;0,00;0,00
22/3/2021;'tilapia';853,00;0,00;0,00
23/3/2021;'tilapia';321,50;0,00;0,00
24/3/2021;;0,00;0,00;0,00
24/3/2021;'tilapia';895,70;0,00;0,00
24/3/2021;'carpe';168,00;0,00;0,00
25/3/2021;'carpe';74,00;0,00;0,00
25/3/2021;'tilapia';734,00;0,00;0,00
28/3/2021;'carpe';189,00;0,00;0,00
29/3/2021;'carpe';201,00;0,00;0,00
28/3/2021;'tilapia';1011,50;0,00;0,00
29/3/2021;'tilapia';868,00;0,00;0,00
30/3/2021;'tilapia';770,00;0,00;0,00
30/3/2021;'carpe';164,00;0,00;0,00
31/3/2021;'carpe';122,00;0,00;0,00
31/3/2021;'tilapia';1068,00;0,00;0,00
5/4/2021;'tilapia';1055,00;0,00;0,00
5/4/2021;'carpe';106,00;0,00;0,00
6/4/2021;'carpe';103,00;0,00;0,00
6/4/2021;'tilapia';475,00;0,00;0,00
12/4/2021;'tilapia';425,00;0,00;0,00
13/4/2021;'tilapia';273,00;0,00;0,00
12/4/2021;'carpe';273,00;0,00;0,00
13/4/2021;'carpe';166,00;0,00;0,00
14/4/2021;'carpe';226,00;0,00;0,00
14/4/2021;'tilapia';702,00;0,00;0,00
8/4/2021;'tilapia';693,00;0,00;0,00
7/4/2021;'carpe';85,00;0,00;0,00
8/4/2021;'carpe';131,00;0,00;0,00
15/4/2021;'carpe';78,00;0,00;0,00
5/5/2021;'carpe';141,00;0,00;0,00
4/5/2021;'carpe';116,00;0,00;0,00
3/5/2021;'tilapia';928,50;0,00;0,00
3/5/2021;'carpe';225,00;0,00;0,00
6/5/2021;'carpe';111,00;0,00;0,00
6/5/2021;'tilapia';394,00;0,00;0,00
10/5/2021;'carpe';113,00;0,00;0,00
11/5/2021;;0,00;0,00;0,00
11/5/2021;'carpe';44,00;0,00;0,00
10/5/2021;'tilapia';422,00;0,00;0,00
11/5/2021;'tilapia';153,00;0,00;0,00
12/5/2021;'tilapia';847,00;0,00;0,00
13/5/2021;'tilapia';61,00;0,00;0,00
12/5/2021;'carpe';334,00;0,00;0,00
13/5/2021;'carpe';18,00;0,00;0,00
17/5/2021;'carpe';280,00;0,00;0,00
17/5/2021;'tilapia';844,00;0,00;0,00
18/5/2021;'carpe';158,00;0,00;0,00
20/5/2021;'tilapia';518,50;0,00;0,00
19/5/2021;'carpe';341,00;0,00;0,00
19/5/2021;'tilapia';75,00;0,00;0,00
24/5/2021;'carpe';82,00;0,00;0,00
24/5/2021;'tilapia';545,00;0,00;0,00
25/5/2021;'carpe';257,50;0,00;0,00
26/5/2021;'carpe';240,00;0,00;0,00
27/5/2021;'carpe';39,00;0,00;0,00
27/5/2021;'tilapia';797,00;0,00;0,00
31/5/2021;'carpe';71,00;0,00;0,00
1/6/2021;'carpe';21,00;0,00;0,00
31/5/2021;'tilapia';944,00;0,00;0,00
3/6/2021;'tilapia';1006,00;0,00;0,00
2/6/2021;'carpe';274,00;0,00;0,00
3/6/2021;'carpe';46,00;0,00;0,00
7/6/2021;'tilapia';784,50;0,00;0,00
7/6/2021;'carpe';114,80;0,00;0,00
8/6/2021;'carpe';112,50;0,00;0,00
